policy,graph_id,hour,raw_assignment_accuracy,assignment_accuracy,energy_w,energy_saving_vs_all_on,energy_gap_vs_oracle,served_ratio,active_bs,max_load,mean_active_load
rsrp,0,0,0.3333333333333333,0.26666666666666666,796.7478441187171,0.21502675456284026,1.822664863708696,1.0,7.0,0.6840953396236849,0.43311128342523925
rsrp,1,1,0.4,0.3333333333333333,738.4960374664365,0.27241769707740243,1.4579967820965678,1.0,7.0,0.4194936607824853,0.2818078895232119
rsrp,2,2,0.3,0.3333333333333333,800.5656958185018,0.211265324316747,1.6711834083085684,1.0,7.0,0.5484923049192183,0.4430277813467578
rsrp,3,3,0.1,0.1,683.3477049269372,0.3267510296286333,2.7570813917796984,1.0,7.0,0.32362769870143016,0.13856546734269434
rsrp,4,4,0.2,0.2,664.0959615526847,0.3457182644801136,1.3065277128543031,1.0,6.0,0.46456294503158596,0.3518059440990446
rsrp,5,5,0.3,0.23333333333333334,771.2184410928627,0.24017887577057864,1.768403424802078,1.0,7.0,0.5897975322714302,0.3668011456957472
rsrp,6,6,0.3,0.3,788.6214833478299,0.2230330213321873,1.5194409246882647,1.0,7.0,0.5543128640555074,0.41200385285150615
rsrp,7,7,0.36666666666666664,0.36666666666666664,763.0934997580088,0.24818374408077953,1.7882588194524145,1.0,7.0,0.6186597040133417,0.345697401968854
rsrp,8,8,0.36666666666666664,0.4,704.774933511568,0.30564045959451436,1.663654265022082,1.0,7.0,0.288411183884956,0.19422060652355327
rsrp,9,9,0.36666666666666664,0.36666666666666664,747.2056426653764,0.26383680525578673,1.6585959489054638,1.0,7.0,0.42533492606255763,0.30443024068928953
rsrp,10,10,0.4,0.36666666666666664,724.827413976939,0.28588432120498614,1.634967169839941,1.0,7.0,0.3811428667812188,0.24630497136867294
rsrp,11,11,0.13333333333333333,0.13333333333333333,745.4009167067037,0.26561486038748405,3.117059129352035,1.0,7.0,0.43995597932232927,0.2997426407966328
sinr,0,0,0.3333333333333333,0.26666666666666666,796.7478441187171,0.21502675456284026,1.822664863708696,1.0,7.0,0.6840953396236849,0.43311128342523925
sinr,1,1,0.4,0.3333333333333333,738.4960374664365,0.27241769707740243,1.4579967820965678,1.0,7.0,0.4194936607824853,0.2818078895232119
sinr,2,2,0.3,0.3333333333333333,800.5656958185018,0.211265324316747,1.6711834083085684,1.0,7.0,0.5484923049192183,0.4430277813467578
sinr,3,3,0.1,0.1,683.3477049269372,0.3267510296286333,2.7570813917796984,1.0,7.0,0.32362769870143016,0.13856546734269434
sinr,4,4,0.2,0.2,664.0959615526847,0.3457182644801136,1.3065277128543031,1.0,6.0,0.46456294503158596,0.3518059440990446
sinr,5,5,0.3,0.23333333333333334,771.2184410928627,0.24017887577057864,1.768403424802078,1.0,7.0,0.5897975322714302,0.3668011456957472
sinr,6,6,0.3,0.3,788.6214833478299,0.2230330213321873,1.5194409246882647,1.0,7.0,0.5543128640555074,0.41200385285150615
sinr,7,7,0.36666666666666664,0.36666666666666664,763.0934997580088,0.24818374408077953,1.7882588194524145,1.0,7.0,0.6186597040133417,0.345697401968854
sinr,8,8,0.36666666666666664,0.4,704.774933511568,0.30564045959451436,1.663654265022082,1.0,7.0,0.288411183884956,0.19422060652355327
sinr,9,9,0.36666666666666664,0.36666666666666664,747.2056426653764,0.26383680525578673,1.6585959489054638,1.0,7.0,0.42533492606255763,0.30443024068928953
sinr,10,10,0.4,0.36666666666666664,724.827413976939,0.28588432120498614,1.634967169839941,1.0,7.0,0.3811428667812188,0.24630497136867294
sinr,11,11,0.13333333333333333,0.13333333333333333,745.4009167067037,0.26561486038748405,3.117059129352035,1.0,7.0,0.43995597932232927,0.2997426407966328
load_aware,0,0,0.23333333333333334,0.23333333333333334,857.7351451031586,0.1549407437407304,2.03872658623726,1.0,7.0,0.7189116278251855,0.5915198574108017
load_aware,1,1,0.3333333333333333,0.3333333333333333,731.909398050745,0.27890699699433985,1.4360739312385686,1.0,7.0,0.4194936607824853,0.2646997351967405
load_aware,2,2,0.3333333333333333,0.3333333333333333,800.5656958185018,0.211265324316747,1.6711834083085684,1.0,7.0,0.5484923049192183,0.4430277813467578
load_aware,3,3,0.1,0.1,687.898432187091,0.3222675544954769,2.782101528065978,1.0,7.0,0.24350430200084083,0.15038553814828812
load_aware,4,4,0.2,0.2,758.7807440524298,0.2524327644803647,1.6353854193680304,1.0,7.0,0.47007509227065764,0.3344954390972202
load_aware,5,5,0.26666666666666666,0.26666666666666666,773.1720208185202,0.2382541666812609,1.7754160901054,1.0,7.0,0.5897975322714302,0.37187537874940313
load_aware,6,6,0.3,0.3,788.6214833478299,0.2230330213321873,1.5194409246882647,1.0,7.0,0.5543128640555074,0.41200385285150615
load_aware,7,7,0.3333333333333333,0.3333333333333333,774.117564949014,0.23732259610934583,1.8285395281791774,1.0,7.0,0.6186597040133417,0.37433133752990655
load_aware,8,8,0.4,0.4,704.774933511568,0.30564045959451436,1.663654265022082,1.0,7.0,0.288411183884956,0.19422060652355327
load_aware,9,9,0.36666666666666664,0.36666666666666664,747.2056426653764,0.26383680525578673,1.6585959489054638,1.0,7.0,0.42533492606255763,0.30443024068928953
load_aware,10,10,0.36666666666666664,0.36666666666666664,724.827413976939,0.28588432120498614,1.634967169839941,1.0,7.0,0.3811428667812188,0.24630497136867294
load_aware,11,11,0.13333333333333333,0.13333333333333333,745.4009167067037,0.26561486038748405,3.117059129352035,1.0,7.0,0.43995597932232927,0.2997426407966328
oracle,0,0,1.0,1.0,282.2679569092985,0.7219034907297551,0.0,1.0,2.0,0.6788490164648504,0.5660723355390773
oracle,1,1,1.0,1.0,300.44629954174735,0.7039937935549287,0.0,1.0,2.0,0.7353362185671815,0.7313299958340669
oracle,2,2,1.0,1.0,299.70450300357004,0.7047246275826896,0.0,1.0,2.0,0.7718076178622415,0.7245863909415459
oracle,3,3,1.0,1.0,181.8825928078287,0.8208053272829274,0.0,1.0,1.0,0.7978653237787037,0.7978653237787037
oracle,4,4,1.0,1.0,287.9202178459296,0.7163347607429266,0.0,1.0,2.0,0.628535047358887,0.617456525872087
oracle,5,5,1.0,1.0,278.5787772777371,0.7255381504652836,0.0,1.0,2.0,0.667968875623788,0.5325343388885192
oracle,6,6,1.0,1.0,313.01447698973436,0.6916113527194735,0.0,1.0,2.0,0.8635213380668754,0.8455861544521301
oracle,7,7,1.0,1.0,273.6810135537821,0.7303635334445496,0.0,1.0,2.0,0.4883406952949052,0.4880092141252921
oracle,8,8,1.0,1.0,264.58949375163195,0.7393206958112001,0.0,1.0,2.0,0.44493635495610967,0.4053590341057448
oracle,9,9,1.0,1.0,281.05272746428386,0.7231007611189322,0.0,1.0,2.0,0.5721752827813158,0.5550247951298531
oracle,10,10,1.0,1.0,275.08024474588353,0.7289849805459275,0.0,1.0,2.0,0.5183935662169548,0.5007294976898501
oracle,11,11,1.0,1.0,181.0517880086942,0.8216238541786264,0.0,1.0,1.0,0.7827597819762577,0.7827597819762577
ml_gcn,0,0,0.26666666666666666,0.2,320.7281765588659,0.6840116487104769,0.13625428855151947,1.0,2.0,0.9843890522109998,0.9157106959896899
ml_gcn,1,1,0.16666666666666666,0.3,409.6241463181059,0.596429412494477,0.36338555989167093,1.0,3.0,0.6665319245235318,0.6522675534430661
ml_gcn,2,2,0.3,0.43333333333333335,300.12810097247035,0.7043072896822953,0.0014133854001361613,1.0,2.0,0.7324585202326241,0.7284372815679121
ml_gcn,3,3,0.0,0.0,281.5240650914045,0.7226363890725078,0.5478340216364399,1.0,2.0,0.5647165536186292,0.5593096826491317
ml_gcn,4,4,0.0,0.0,290.9729674090677,0.7133271257053521,0.010602762063661902,1.0,2.0,0.6936120195616722,0.6452087946278884
ml_gcn,5,5,0.0,0.0,296.72556159009116,0.7076595452314373,0.06514058425298523,1.0,2.0,0.7125419731618805,0.6975051053644651
ml_gcn,6,6,0.0,0.2,410.5291374173257,0.595537795647955,0.31153402668589497,1.0,3.0,0.7336820953239348,0.6577523479837925
ml_gcn,7,7,0.0,0.0,283.6323597665298,0.720559251461547,0.03636111282813602,1.0,2.0,0.5887752383351139,0.578475997877544
ml_gcn,8,8,0.5,0.5666666666666667,275.1777190667143,0.7288889467323012,0.04001755763220681,1.0,2.0,0.5320155977755482,0.501615627879221
ml_gcn,9,9,0.8333333333333334,0.9666666666666667,282.01284660179476,0.7221548309341923,0.003416153069117299,1.0,2.0,0.585930075334071,0.563753150925407
ml_gcn,10,10,0.7,0.8666666666666667,273.53621499672,0.7305061921214582,-0.005613015760509816,1.0,2.0,0.5063596799174945,0.4866928636065453
ml_gcn,11,11,0.16666666666666666,0.6333333333333333,287.6811208033446,0.7165703243316802,0.5889438263350926,1.0,2.0,0.6159323007013131,0.6152829163940412
