policy,assignment_accuracy,energy_w,energy_saving_vs_all_on,energy_gap_vs_oracle,served_ratio,active_bs,max_load,qos_mbps,num_ues,shadowing_db
oracle,1.0,252.661465323108,0.751072447957529,0.0,1.0,1.6666666666666667,0.6964097506774207,0.5,30,2.0
ml_gcn,0.23055555555555554,318.10709486543493,0.686593995206468,0.2948321842494542,1.0,2.1666666666666665,0.7382022954618549,0.5,30,2.0
rsrp,0.25277777777777777,742.0314465394734,0.26893453542909024,2.0804240575336075,1.0,6.916666666666667,0.4542901984547299,0.5,30,2.0
sinr,0.25277777777777777,742.0314465394734,0.26893453542909024,2.0804240575336075,1.0,6.916666666666667,0.4542901984547299,0.5,30,2.0
load_aware,0.2611111111111111,754.3117198514634,0.2568357439887059,2.1285164384330915,1.0,7.0,0.46661186210507344,0.5,30,2.0
oracle,1.0,252.661465323108,0.751072447957529,0.0,1.0,1.6666666666666667,0.6964097506774207,2.0,30,2.0
ml_gcn,0.23055555555555554,318.10709486543493,0.686593995206468,0.2948321842494542,1.0,2.1666666666666665,0.7382022954618549,2.0,30,2.0
rsrp,0.25277777777777777,742.0314465394734,0.26893453542909024,2.0804240575336075,1.0,6.916666666666667,0.4542901984547299,2.0,30,2.0
sinr,0.25277777777777777,742.0314465394734,0.26893453542909024,2.0804240575336075,1.0,6.916666666666667,0.4542901984547299,2.0,30,2.0
load_aware,0.2611111111111111,754.3117198514634,0.2568357439887059,2.1285164384330915,1.0,7.0,0.46661186210507344,2.0,30,2.0
oracle,1.0,252.661465323108,0.751072447957529,0.0,1.0,1.6666666666666667,0.6964097506774207,4.0,30,2.0
ml_gcn,0.23055555555555554,318.10709486543493,0.686593995206468,0.2948321842494542,1.0,2.1666666666666665,0.7382022954618549,4.0,30,2.0
rsrp,0.25555555555555554,740.3901574664173,0.27055156899860355,2.0731084677514393,1.0,6.916666666666667,0.45535439272000056,4.0,30,2.0
sinr,0.25555555555555554,740.3901574664173,0.27055156899860355,2.0731084677514393,1.0,6.916666666666667,0.45535439272000056,4.0,30,2.0
load_aware,0.2638888888888889,752.4534683341925,0.25866653366089415,2.120438567514348,1.0,7.0,0.4708365668729843,4.0,30,2.0
oracle,1.0,252.5429161784923,0.7511892451443426,0.0,1.0,1.6666666666666667,0.698394077185157,6.0,30,2.0
ml_gcn,0.2722222222222222,321.26387032629515,0.6834838715997092,0.32384867372249554,1.0,2.25,0.6948826833557783,6.0,30,2.0
rsrp,0.26944444444444443,738.2490046639115,0.2726610791488557,2.065671196939766,1.0,6.916666666666667,0.45844732875379846,6.0,30,2.0
sinr,0.26944444444444443,738.2490046639115,0.2726610791488557,2.065671196939766,1.0,6.916666666666667,0.45844732875379846,6.0,30,2.0
load_aware,0.26944444444444443,746.5716011926752,0.2644614766574629,2.096816080639572,1.0,7.0,0.4670788430575228,6.0,30,2.0
oracle,1.0,376.64403819065546,0.6289221298614232,0.0,1.0,2.5,0.8672941453799221,0.5,50,2.0
ml_gcn,0.4566666666666667,464.515232729983,0.5423495244039577,0.27808510995688634,1.0,3.25,0.8240744971505735,0.5,50,2.0
rsrp,0.385,839.469317820579,0.17293663268908474,1.347945867179769,1.0,7.0,0.6656205239918395,0.5,50,2.0
sinr,0.385,839.469317820579,0.17293663268908474,1.347945867179769,1.0,7.0,0.6656205239918395,0.5,50,2.0
load_aware,0.38333333333333336,847.5341694668788,0.16499096604248395,1.3713559664814945,1.0,7.0,0.6588420703056274,0.5,50,2.0
oracle,1.0,376.64403819065546,0.6289221298614232,0.0,1.0,2.5,0.8672941453799221,2.0,50,2.0
ml_gcn,0.4566666666666667,464.515232729983,0.5423495244039577,0.27808510995688634,1.0,3.25,0.8240744971505735,2.0,50,2.0
rsrp,0.385,839.469317820579,0.17293663268908474,1.347945867179769,1.0,7.0,0.6656205239918395,2.0,50,2.0
sinr,0.385,839.469317820579,0.17293663268908474,1.347945867179769,1.0,7.0,0.6656205239918395,2.0,50,2.0
load_aware,0.38333333333333336,847.5341694668788,0.16499096604248395,1.3713559664814945,1.0,7.0,0.6588420703056274,2.0,50,2.0
oracle,1.0,376.28180889719823,0.6292790060126126,0.0,1.0,2.5,0.8652082593804759,4.0,50,2.0
ml_gcn,0.4566666666666667,462.7212178708407,0.5441170267282357,0.2744688657514964,1.0,3.25,0.8185011988293821,4.0,50,2.0
rsrp,0.38833333333333336,832.8722458896009,0.17943621094620602,1.3337019759257451,1.0,7.0,0.6613521113824269,4.0,50,2.0
sinr,0.38833333333333336,832.8722458896009,0.17943621094620602,1.3337019759257451,1.0,7.0,0.6613521113824269,4.0,50,2.0
load_aware,0.39166666666666666,839.4136769223187,0.17299145130806046,1.3525682811290016,1.0,7.0,0.6616185369355075,4.0,50,2.0
oracle,1.0,375.24045892970224,0.630304966571722,0.0,1.0,2.5,0.8685900339657012,6.0,50,2.0
ml_gcn,0.46166666666666667,461.9389250316235,0.5448877585895334,0.2745628570736924,1.0,3.25,0.822519045394967,6.0,50,2.0
rsrp,0.38999999999999996,823.7554746781196,0.18841825154865058,1.314287959286857,1.0,7.0,0.6786778364051779,6.0,50,2.0
sinr,0.38999999999999996,823.7554746781196,0.18841825154865058,1.314287959286857,1.0,7.0,0.6786778364051779,6.0,50,2.0
load_aware,0.3933333333333333,827.4644601569775,0.1847640786630765,1.326028240748036,1.0,7.0,0.6784352004323924,6.0,50,2.0
oracle,1.0,658.2385889101296,0.35148907496538956,0.0,0.9833333333333334,4.583333333333333,0.9591334312985523,0.5,70,2.0
load_aware,0.6428571428571429,919.2637327036495,0.0943214456121681,0.4477242421477599,0.9642857142857143,7.0,0.8537770938184844,0.5,70,2.0
ml_gcn,0.6583333333333333,812.4022311770877,0.19960371312602188,0.2530365082524067,0.9511904761904763,5.916666666666667,0.9103431383081984,0.5,70,2.0
rsrp,0.6476190476190476,912.2451511653135,0.10123630427062709,0.4346810449638778,0.9511904761904763,7.0,0.8406033851604127,0.5,70,2.0
sinr,0.6476190476190476,912.2451511653135,0.10123630427062709,0.4346810449638778,0.9511904761904763,7.0,0.8406033851604127,0.5,70,2.0
oracle,1.0,658.2385889101296,0.35148907496538956,0.0,0.9833333333333334,4.583333333333333,0.9591334312985523,2.0,70,2.0
load_aware,0.6428571428571429,919.2637327036495,0.0943214456121681,0.4477242421477599,0.9642857142857143,7.0,0.8537770938184844,2.0,70,2.0
ml_gcn,0.6678571428571428,804.7467887470092,0.20714602093890724,0.24245933900242597,0.9511904761904763,5.833333333333333,0.9156709389889787,2.0,70,2.0
rsrp,0.6476190476190476,912.2451511653135,0.10123630427062709,0.4346810449638778,0.9511904761904763,7.0,0.8406033851604127,2.0,70,2.0
sinr,0.6476190476190476,912.2451511653135,0.10123630427062709,0.4346810449638778,0.9511904761904763,7.0,0.8406033851604127,2.0,70,2.0
oracle,1.0,657.8720887999297,0.35185015881780335,0.0,0.9833333333333334,4.583333333333333,0.9591334312985523,4.0,70,2.0
load_aware,0.6428571428571429,914.6029829280475,0.09891331731226853,0.4412942163544032,0.9642857142857143,7.0,0.8500899344039059,4.0,70,2.0
ml_gcn,0.6476190476190476,823.072116443835,0.18909151089277343,0.2671040692465272,0.9345238095238096,6.0,0.9202852261610669,4.0,70,2.0
rsrp,0.6464285714285715,908.8274162752537,0.10460353076329687,0.4306356605877222,0.9345238095238096,7.0,0.8369542580710636,4.0,70,2.0
sinr,0.6464285714285715,908.8274162752537,0.10460353076329687,0.4306356605877222,0.9345238095238096,7.0,0.8369542580710636,4.0,70,2.0
oracle,1.0,655.0497941773563,0.354630744652851,0.0,0.9833333333333334,4.583333333333333,0.9583320435225989,6.0,70,2.0
ml_gcn,0.6416666666666666,779.2153218834072,0.23230017548432783,0.20952571538906342,0.9738095238095238,5.666666666666667,0.946893599140563,6.0,70,2.0
load_aware,0.6535714285714286,910.1268317498293,0.10332331847307452,0.4395689156618717,0.9642857142857143,7.0,0.8682910035648955,6.0,70,2.0
rsrp,0.6583333333333333,901.8565826772398,0.11147134711601984,0.42609848831475977,0.9571428571428572,7.0,0.8493821010941263,6.0,70,2.0
sinr,0.6583333333333333,901.8565826772398,0.11147134711601984,0.42609848831475977,0.9571428571428572,7.0,0.8493821010941263,6.0,70,2.0
rsrp,0.6351851851851852,968.6613923652245,0.04565380062539459,0.6378446539854119,0.7574074074074074,7.0,0.9592429407364133,0.5,90,2.0
sinr,0.6351851851851852,968.6613923652245,0.04565380062539459,0.6378446539854119,0.7574074074074074,7.0,0.9592429407364133,0.5,90,2.0
oracle,1.0,662.5000305572862,0.347290610288388,0.0,0.7518518518518519,4.5,1.1394799741435588,0.5,90,2.0
ml_gcn,0.637962962962963,858.9768213505314,0.15371741738863892,0.46070719477211747,0.7453703703703703,6.0,0.9954924446882308,0.5,90,2.0
load_aware,0.65,980.5122556257903,0.03397807327508343,0.6563994627280404,0.637962962962963,7.0,0.9801727572144835,0.5,90,2.0
rsrp,0.6351851851851852,968.6613923652245,0.04565380062539459,0.6378446539854119,0.7574074074074074,7.0,0.9592429407364133,2.0,90,2.0
sinr,0.6351851851851852,968.6613923652245,0.04565380062539459,0.6378446539854119,0.7574074074074074,7.0,0.9592429407364133,2.0,90,2.0
oracle,1.0,662.5000305572862,0.347290610288388,0.0,0.7518518518518519,4.5,1.1394799741435588,2.0,90,2.0
ml_gcn,0.637962962962963,858.9768213505314,0.15371741738863892,0.46070719477211747,0.7453703703703703,6.0,0.9954924446882308,2.0,90,2.0
load_aware,0.65,980.5122556257903,0.03397807327508343,0.6563994627280404,0.637962962962963,7.0,0.9801727572144835,2.0,90,2.0
ml_gcn,0.6425925925925926,856.2171842026936,0.15643627172148422,0.4573430903176874,0.7851851851851852,6.0,0.9872105778243392,4.0,90,2.0
rsrp,0.6361111111111111,967.876848262862,0.04642675047993886,0.6365222214539984,0.7574074074074074,7.0,0.9607791458879551,4.0,90,2.0
sinr,0.6361111111111111,967.876848262862,0.04642675047993886,0.6365222214539984,0.7574074074074074,7.0,0.9607791458879551,4.0,90,2.0
oracle,1.0,662.5000305572862,0.347290610288388,0.0,0.7518518518518519,4.5,1.1394799741435588,4.0,90,2.0
load_aware,0.6509259259259259,978.8196033146929,0.035645711020007,0.6538590577431322,0.6638888888888889,7.0,0.977322687236572,4.0,90,2.0
oracle,1.0,697.9152244974115,0.3123987935986094,0.0,0.8083333333333332,4.833333333333333,1.1272484076296576,6.0,90,2.0
ml_gcn,0.6759259259259259,849.229345162311,0.1633208422046196,0.40274350874957593,0.8027777777777777,6.0,0.9797217700498141,6.0,90,2.0
rsrp,0.6814814814814815,952.1618577718106,0.061909499732206386,0.5643349370078968,0.762962962962963,7.0,0.9631865405906662,6.0,90,2.0
sinr,0.6814814814814815,952.1618577718106,0.061909499732206386,0.5643349370078968,0.762962962962963,7.0,0.9631865405906662,6.0,90,2.0
load_aware,0.7046296296296296,956.917684465443,0.05722395619168171,0.5704033758977191,0.762037037037037,7.0,0.9686290215089466,6.0,90,2.0
oracle,1.0,268.27250765834344,0.735692110681435,0.0,1.0,1.8333333333333333,0.6625407599123392,0.5,30,6.0
ml_gcn,0.34722222222222227,309.3560347160362,0.6952157293438067,0.1749408552155293,1.0,2.1666666666666665,0.6597454192247344,0.5,30,6.0
rsrp,0.2833333333333333,744.0329645785472,0.2669625964743378,1.8471528200675094,1.0,6.916666666666667,0.4781572504541454,0.5,30,6.0
sinr,0.2833333333333333,744.0329645785472,0.2669625964743378,1.8471528200675094,1.0,6.916666666666667,0.4781572504541454,0.5,30,6.0
load_aware,0.28055555555555556,762.2412643321369,0.2490233848944463,1.9143571715103873,1.0,7.0,0.47011519681897135,0.5,30,6.0
oracle,1.0,268.27250765834344,0.735692110681435,0.0,1.0,1.8333333333333333,0.6625407599123392,2.0,30,6.0
ml_gcn,0.34722222222222227,309.3560347160362,0.6952157293438067,0.1749408552155293,1.0,2.1666666666666665,0.6597454192247344,2.0,30,6.0
rsrp,0.2833333333333333,744.0329645785472,0.2669625964743378,1.8471528200675094,1.0,6.916666666666667,0.4781572504541454,2.0,30,6.0
sinr,0.2833333333333333,744.0329645785472,0.2669625964743378,1.8471528200675094,1.0,6.916666666666667,0.4781572504541454,2.0,30,6.0
load_aware,0.28055555555555556,762.2412643321369,0.2490233848944463,1.9143571715103873,1.0,7.0,0.47011519681897135,2.0,30,6.0
oracle,1.0,268.27250765834344,0.735692110681435,0.0,1.0,1.8333333333333333,0.6625407599123392,4.0,30,6.0
ml_gcn,0.34722222222222227,309.3560347160362,0.6952157293438067,0.1749408552155293,1.0,2.1666666666666665,0.6597454192247344,4.0,30,6.0
rsrp,0.2833333333333333,744.0329645785472,0.2669625964743378,1.8471528200675094,1.0,6.916666666666667,0.4781572504541454,4.0,30,6.0
sinr,0.2833333333333333,744.0329645785472,0.2669625964743378,1.8471528200675094,1.0,6.916666666666667,0.4781572504541454,4.0,30,6.0
load_aware,0.28055555555555556,757.9174492656565,0.25328330121610204,1.8967619941092309,1.0,7.0,0.47484100368247734,4.0,30,6.0
oracle,1.0,268.27250765834344,0.735692110681435,0.0,1.0,1.8333333333333333,0.6625407599123392,6.0,30,6.0
ml_gcn,0.29444444444444445,305.09898366987926,0.6994098683055378,0.1540337510236269,1.0,2.1666666666666665,0.6457334506865832,6.0,30,6.0
rsrp,0.2888888888888889,742.5088020058291,0.26846423447701573,1.8404891624862438,1.0,6.916666666666667,0.48024203925878334,6.0,30,6.0
sinr,0.2888888888888889,742.5088020058291,0.26846423447701573,1.8404891624862438,1.0,6.916666666666667,0.48024203925878334,6.0,30,6.0
load_aware,0.2888888888888889,751.9408504774584,0.25917157588427736,1.8742224340748315,1.0,7.0,0.48721082287727313,6.0,30,6.0
oracle,1.0,366.6578337402057,0.6387607549357579,0.0,1.0,2.5,0.7976061778719113,0.5,50,6.0
ml_gcn,0.5516666666666666,472.99083956059684,0.5339991728467026,0.3234423687838848,1.0,3.4166666666666665,0.7722184458488891,0.5,50,6.0
rsrp,0.4116666666666667,835.6534300947368,0.17669612798548107,1.3377099471483962,0.9833333333333334,7.0,0.6617269585718494,0.5,50,6.0
sinr,0.4116666666666667,835.6534300947368,0.17669612798548107,1.3377099471483962,0.9833333333333334,7.0,0.6617269585718494,0.5,50,6.0
load_aware,0.40166666666666667,847.6660032691408,0.16486108052301404,1.3655743969719385,0.9833333333333334,7.0,0.6592589262559114,0.5,50,6.0
oracle,1.0,366.6578337402057,0.6387607549357579,0.0,1.0,2.5,0.7976061778719113,2.0,50,6.0
ml_gcn,0.5516666666666666,472.99083956059684,0.5339991728467026,0.3234423687838848,1.0,3.4166666666666665,0.7722184458488891,2.0,50,6.0
rsrp,0.4116666666666667,835.6534300947368,0.17669612798548107,1.3377099471483962,0.9833333333333334,7.0,0.6617269585718494,2.0,50,6.0
sinr,0.4116666666666667,835.6534300947368,0.17669612798548107,1.3377099471483962,0.9833333333333334,7.0,0.6617269585718494,2.0,50,6.0
load_aware,0.40166666666666667,847.6660032691408,0.16486108052301404,1.3655743969719385,0.9833333333333334,7.0,0.6592589262559114,2.0,50,6.0
oracle,1.0,366.6578337402057,0.6387607549357579,0.0,1.0,2.5,0.7976061778719113,4.0,50,6.0
ml_gcn,0.5366666666666666,470.74758848038914,0.5362092724331141,0.3168438632649752,1.0,3.4166666666666665,0.7638756998935482,4.0,50,6.0
rsrp,0.41333333333333333,832.7206941830024,0.17958552297241148,1.329445612950684,0.9816666666666666,7.0,0.6641203154901812,4.0,50,6.0
sinr,0.41333333333333333,832.7206941830024,0.17958552297241148,1.329445612950684,0.9816666666666666,7.0,0.6641203154901812,4.0,50,6.0
load_aware,0.4033333333333333,844.900915227784,0.1675853051943015,1.3592689462558507,0.9816666666666666,7.0,0.6629163337635832,4.0,50,6.0
oracle,1.0,365.8359767139204,0.6395704662917041,0.0,1.0,2.5,0.7983706935824767,6.0,50,6.0
ml_gcn,0.5433333333333333,471.96659504068316,0.5350082807480955,0.31626107437578016,1.0,3.4166666666666665,0.7822424534965126,6.0,50,6.0
rsrp,0.42333333333333334,824.638830288925,0.18754795045426106,1.3141845493287903,0.9783333333333334,7.0,0.6857015589250738,6.0,50,6.0
sinr,0.42333333333333334,824.638830288925,0.18754795045426106,1.3141845493287903,0.9783333333333334,7.0,0.6857015589250738,6.0,50,6.0
load_aware,0.41500000000000004,827.7113433302933,0.18452084400956334,1.3214863297971469,0.9783333333333334,7.0,0.6936205989987553,6.0,50,6.0
ml_gcn,0.5642857142857143,732.6105090895413,0.2782162472024224,0.2671991457422775,0.9654761904761905,5.25,0.9172931455010286,0.5,70,6.0
rsrp,0.5511904761904761,904.4309273799358,0.10893504691631932,0.5873012993198868,0.9654761904761905,7.0,0.8149791249757373,0.5,70,6.0
sinr,0.5511904761904761,904.4309273799358,0.10893504691631932,0.5873012993198868,0.9654761904761905,7.0,0.8149791249757373,0.5,70,6.0
oracle,1.0,595.8509155102761,0.4129547630440629,0.0,0.9547619047619048,4.083333333333333,0.9557737065409692,0.5,70,6.0
load_aware,0.5583333333333333,923.1429573129711,0.0904995494453487,0.6194326796161707,0.9547619047619048,7.0,0.8263605598101691,0.5,70,6.0
ml_gcn,0.5642857142857143,732.6105090895413,0.2782162472024224,0.2671991457422775,0.9654761904761905,5.25,0.9172931455010286,2.0,70,6.0
rsrp,0.5511904761904761,904.4309273799358,0.10893504691631932,0.5873012993198868,0.9654761904761905,7.0,0.8149791249757373,2.0,70,6.0
sinr,0.5511904761904761,904.4309273799358,0.10893504691631932,0.5873012993198868,0.9654761904761905,7.0,0.8149791249757373,2.0,70,6.0
oracle,1.0,595.8509155102761,0.4129547630440629,0.0,0.9547619047619048,4.083333333333333,0.9557737065409692,2.0,70,6.0
load_aware,0.5583333333333333,923.1429573129711,0.0904995494453487,0.6194326796161707,0.9547619047619048,7.0,0.8263605598101691,2.0,70,6.0
oracle,1.0,572.3768477935581,0.43608192335610035,0.0,0.9702380952380952,3.9166666666666665,0.9577046510706236,4.0,70,6.0
ml_gcn,0.5988095238095238,703.9282388079358,0.3064746415685362,0.240117118869812,0.9654761904761905,5.0,0.9221388159511651,4.0,70,6.0
rsrp,0.5333333333333333,904.4309273799358,0.10893504691631932,0.6192134228334001,0.9654761904761905,7.0,0.8149791249757373,4.0,70,6.0
sinr,0.5333333333333333,904.4309273799358,0.10893504691631932,0.6192134228334001,0.9654761904761905,7.0,0.8149791249757373,4.0,70,6.0
load_aware,0.5297619047619048,917.5347620268243,0.09602486499820273,0.6411664852572795,0.9547619047619048,7.0,0.8269402456315568,4.0,70,6.0
ml_gcn,0.6047619047619047,703.060112237729,0.30732993868204034,0.2289365298915098,1.0,5.0,0.9181520605431076,6.0,70,6.0
rsrp,0.5630952380952381,900.0287127453722,0.11327220419175142,0.6014352666054718,1.0,7.0,0.8241506927321689,6.0,70,6.0
sinr,0.5630952380952381,900.0287127453722,0.11327220419175142,0.6014352666054718,1.0,7.0,0.8241506927321689,6.0,70,6.0
oracle,1.0,579.8948177078591,0.42867505644545895,0.0,0.9880952380952381,4.0,0.9542360091272798,6.0,70,6.0
load_aware,0.5666666666666667,907.2157059764112,0.10619142268333877,0.6141246491017888,0.9821428571428571,7.0,0.8290973194791705,6.0,70,6.0
rsrp,0.612037037037037,945.4925159462483,0.06848027985591297,0.6926130433636116,0.8685185185185186,7.0,0.9005802000449887,0.5,90,6.0
sinr,0.612037037037037,945.4925159462483,0.06848027985591297,0.6926130433636116,0.8685185185185186,7.0,0.9005802000449887,0.5,90,6.0
load_aware,0.6,955.8019725032347,0.05832317979976875,0.7118313205187098,0.8444444444444444,7.0,0.9120057042008912,0.5,90,6.0
ml_gcn,0.7129629629629629,817.4213689938448,0.19465874975975875,0.47264994865746107,0.8435185185185184,5.75,0.978904341173111,0.5,90,6.0
oracle,1.0,615.0735154281882,0.3940162409574501,0.0,0.8333333333333334,4.166666666666667,1.1886691078663782,0.5,90,6.0
rsrp,0.612037037037037,945.4925159462483,0.06848027985591297,0.6926130433636116,0.8685185185185186,7.0,0.9005802000449887,2.0,90,6.0
sinr,0.612037037037037,945.4925159462483,0.06848027985591297,0.6926130433636116,0.8685185185185186,7.0,0.9005802000449887,2.0,90,6.0
load_aware,0.6,955.8019725032347,0.05832317979976875,0.7118313205187098,0.8444444444444444,7.0,0.9120057042008912,2.0,90,6.0
ml_gcn,0.7129629629629629,817.4213689938448,0.19465874975975875,0.47264994865746107,0.8435185185185184,5.75,0.978904341173111,2.0,90,6.0
oracle,1.0,615.0735154281882,0.3940162409574501,0.0,0.8333333333333334,4.166666666666667,1.1886691078663782,2.0,90,6.0
oracle,1.0,671.0825925144837,0.33883488422218355,0.0,0.8703703703703703,4.583333333333333,1.073032615722131,4.0,90,6.0
load_aware,0.6546296296296297,952.5842267781023,0.06149337263241151,0.5479086985151517,0.8703703703703703,7.0,0.9093248099427832,4.0,90,6.0
rsrp,0.6592592592592593,945.4925159462483,0.06848027985591297,0.5386073398202967,0.8685185185185186,7.0,0.9005802000449887,4.0,90,6.0
sinr,0.6592592592592593,945.4925159462483,0.06848027985591297,0.5386073398202967,0.8685185185185186,7.0,0.9005802000449887,4.0,90,6.0
ml_gcn,0.7768518518518519,796.1681066414249,0.21559792449120707,0.28211865548141063,0.8435185185185184,5.583333333333333,0.973619624081895,4.0,90,6.0
oracle,1.0,671.3673760782115,0.33855430928255026,0.0,0.8703703703703703,4.583333333333333,1.0739483699189318,6.0,90,6.0
ml_gcn,0.7898148148148149,795.8443002235517,0.21591694559255983,0.2743167635698524,0.8703703703703703,5.583333333333333,0.983156121293706,6.0,90,6.0
load_aware,0.6583333333333333,949.7927509210957,0.06424359515162988,0.5426899548892749,0.8703703703703703,7.0,0.9096286951927018,6.0,90,6.0
rsrp,0.6638888888888889,944.5356502326343,0.06942300469691202,0.5356611544160566,0.8685185185185186,7.0,0.9046094436422605,6.0,90,6.0
sinr,0.6638888888888889,944.5356502326343,0.06942300469691202,0.5356611544160566,0.8685185185185186,7.0,0.9046094436422605,6.0,90,6.0
oracle,1.0,270.26805637459347,0.7337260528329129,0.0,1.0,1.9166666666666667,0.5867501353453113,0.5,30,10.0
ml_gcn,0.18333333333333335,309.3995934991901,0.6951728142865122,0.15073808406849515,1.0,2.1666666666666665,0.7100193563916162,0.5,30,10.0
rsrp,0.3083333333333333,732.2505501426521,0.2785708865589635,1.7349984953787059,1.0,6.916666666666667,0.4075992089665436,0.5,30,10.0
sinr,0.3083333333333333,732.2505501426521,0.2785708865589635,1.7349984953787059,1.0,6.916666666666667,0.4075992089665436,0.5,30,10.0
load_aware,0.3083333333333333,744.2828833705225,0.2667163710635246,1.779035831608046,1.0,7.0,0.41213713889584563,0.5,30,10.0
oracle,1.0,270.26805637459347,0.7337260528329129,0.0,1.0,1.9166666666666667,0.5867501353453113,2.0,30,10.0
ml_gcn,0.19722222222222222,317.07608989156597,0.6876097636536295,0.17794216074997551,1.0,2.25,0.6875246735416208,2.0,30,10.0
rsrp,0.3083333333333333,732.2505501426521,0.2785708865589635,1.7349984953787059,1.0,6.916666666666667,0.4075992089665436,2.0,30,10.0
sinr,0.3083333333333333,732.2505501426521,0.2785708865589635,1.7349984953787059,1.0,6.916666666666667,0.4075992089665436,2.0,30,10.0
load_aware,0.3083333333333333,744.2828833705225,0.2667163710635246,1.779035831608046,1.0,7.0,0.41213713889584563,2.0,30,10.0
oracle,1.0,270.26805637459347,0.7337260528329129,0.0,1.0,1.9166666666666667,0.5867501353453113,4.0,30,10.0
ml_gcn,0.19722222222222222,316.8708764104816,0.6878119444231708,0.17721011958542085,1.0,2.25,0.6876532397456127,4.0,30,10.0
rsrp,0.3083333333333333,732.2505501426521,0.2785708865589635,1.7349984953787059,1.0,6.916666666666667,0.4075992089665436,4.0,30,10.0
sinr,0.3083333333333333,732.2505501426521,0.2785708865589635,1.7349984953787059,1.0,6.916666666666667,0.4075992089665436,4.0,30,10.0
load_aware,0.3083333333333333,741.8746579942673,0.2690890069021997,1.7703540485523088,1.0,7.0,0.4140772967824271,4.0,30,10.0
ml_gcn,0.21666666666666667,321.58826828258583,0.6831642677018858,0.19268815207303747,1.0,2.3333333333333335,0.6705702626430695,6.0,30,10.0
rsrp,0.3194444444444444,730.1118578679606,0.2806779725438812,1.7227289749372428,1.0,6.916666666666667,0.4104547870971674,6.0,30,10.0
sinr,0.3194444444444444,730.1118578679606,0.2806779725438812,1.7227289749372428,1.0,6.916666666666667,0.4104547870971674,6.0,30,10.0
load_aware,0.31666666666666665,739.4537233635392,0.271474164173853,1.7567073806125026,1.0,7.0,0.4107719356982353,6.0,30,10.0
oracle,1.0,270.7418836359663,0.7332592279448608,0.0,0.9972222222222222,1.9166666666666667,0.5953612967404371,6.0,30,10.0
oracle,1.0,368.55819398019406,0.6368884788372472,0.0,1.0,2.5833333333333335,0.7405918827044319,0.5,50,10.0
ml_gcn,0.40166666666666667,486.7835467333041,0.5204102987849221,0.32087129323079705,1.0,3.5,0.7745345095288388,0.5,50,10.0
rsrp,0.38666666666666666,824.656707337367,0.18753033759865315,1.2810467960681102,1.0,7.0,0.6384088694537043,0.5,50,10.0
sinr,0.38666666666666666,824.656707337367,0.18753033759865315,1.2810467960681102,1.0,7.0,0.6384088694537043,0.5,50,10.0
load_aware,0.38166666666666665,832.518265717027,0.17978495988470247,1.3041065982144622,1.0,7.0,0.6425460560666684,0.5,50,10.0
oracle,1.0,368.55819398019406,0.6368884788372472,0.0,1.0,2.5833333333333335,0.7405918827044319,2.0,50,10.0
ml_gcn,0.40166666666666667,486.7835467333041,0.5204102987849221,0.32087129323079705,1.0,3.5,0.7745345095288388,2.0,50,10.0
rsrp,0.38666666666666666,824.656707337367,0.18753033759865315,1.2810467960681102,1.0,7.0,0.6384088694537043,2.0,50,10.0
sinr,0.38666666666666666,824.656707337367,0.18753033759865315,1.2810467960681102,1.0,7.0,0.6384088694537043,2.0,50,10.0
load_aware,0.38166666666666665,832.518265717027,0.17978495988470247,1.3041065982144622,1.0,7.0,0.6425460560666684,2.0,50,10.0
oracle,1.0,360.9712722818941,0.6443632785400059,0.0,1.0,2.5,0.7612247875987932,4.0,50,10.0
ml_gcn,0.3866666666666667,486.7835467333041,0.5204102987849221,0.3448581551455751,1.0,3.5,0.7745345095288388,4.0,50,10.0
rsrp,0.3766666666666667,824.199743127826,0.187980548642536,1.3266338573916088,1.0,7.0,0.6399714673886723,4.0,50,10.0
sinr,0.3766666666666667,824.199743127826,0.187980548642536,1.3266338573916088,1.0,7.0,0.6399714673886723,4.0,50,10.0
load_aware,0.37166666666666665,831.8676390160971,0.18042597141271222,1.3496385458113203,1.0,7.0,0.6441086540016364,4.0,50,10.0
oracle,1.0,359.9378780950752,0.6453814008915515,0.0,1.0,2.5,0.771477795694156,6.0,50,10.0
ml_gcn,0.4216666666666667,479.3701811669923,0.5277141072246381,0.3371823648876648,1.0,3.5,0.7522131319026631,6.0,50,10.0
rsrp,0.38999999999999996,816.3128263469621,0.19575091000299297,1.3130145593797076,1.0,7.0,0.6472232219762446,6.0,50,10.0
sinr,0.38999999999999996,816.3128263469621,0.19575091000299297,1.3130145593797076,1.0,7.0,0.6472232219762446,6.0,50,10.0
load_aware,0.38833333333333336,819.5397303167233,0.19257169426923815,1.3218859111527466,1.0,7.0,0.656460970925404,6.0,50,10.0
oracle,1.0,516.1539154799245,0.4914739748966261,0.0,1.0,3.5833333333333335,0.8826702060785608,0.5,70,10.0
ml_gcn,0.5511904761904761,608.3264744190951,0.4006635720008915,0.19620351342086742,1.0,4.333333333333333,0.8734011027261701,0.5,70,10.0
rsrp,0.5190476190476191,884.997951875621,0.12808083559052122,0.7509674940197403,1.0,7.0,0.7382739477428104,0.5,70,10.0
sinr,0.5190476190476191,884.997951875621,0.12808083559052122,0.7509674940197403,1.0,7.0,0.7382739477428104,0.5,70,10.0
load_aware,0.5119047619047619,891.7090826329581,0.12146888410546003,0.7637355997475751,1.0,7.0,0.7449585781384801,0.5,70,10.0
oracle,1.0,516.1539154799245,0.4914739748966261,0.0,1.0,3.5833333333333335,0.8826702060785608,2.0,70,10.0
ml_gcn,0.5511904761904761,608.3264744190951,0.4006635720008915,0.19620351342086742,1.0,4.333333333333333,0.8734011027261701,2.0,70,10.0
rsrp,0.5190476190476191,884.997951875621,0.12808083559052122,0.7509674940197403,1.0,7.0,0.7382739477428104,2.0,70,10.0
sinr,0.5190476190476191,884.997951875621,0.12808083559052122,0.7509674940197403,1.0,7.0,0.7382739477428104,2.0,70,10.0
load_aware,0.5119047619047619,891.7090826329581,0.12146888410546003,0.7637355997475751,1.0,7.0,0.7449585781384801,2.0,70,10.0
oracle,1.0,516.1539154799245,0.4914739748966261,0.0,1.0,3.5833333333333335,0.8826702060785608,4.0,70,10.0
ml_gcn,0.525,629.9376999534674,0.379371724183776,0.2341218831995471,1.0,4.5,0.8780963128061421,4.0,70,10.0
rsrp,0.5190476190476191,882.955373022655,0.1300932285491084,0.7468556880275643,1.0,7.0,0.7384801052013491,4.0,70,10.0
sinr,0.5190476190476191,882.955373022655,0.1300932285491084,0.7468556880275643,1.0,7.0,0.7384801052013491,4.0,70,10.0
load_aware,0.5119047619047619,889.6665037799921,0.1234812770640472,0.759623793755399,1.0,7.0,0.7467547959269286,4.0,70,10.0
oracle,1.0,514.4991916506528,0.4931042446791598,0.0,1.0,3.5833333333333335,0.8792187504915966,6.0,70,10.0
ml_gcn,0.5869047619047619,621.6916655175894,0.3874958960417838,0.22308263699558314,1.0,4.5,0.8597817438193197,6.0,70,10.0
rsrp,0.5214285714285715,880.3627431781706,0.13264754366682696,0.7459803845803447,1.0,7.0,0.7478846288560342,6.0,70,10.0
sinr,0.5214285714285715,880.3627431781706,0.13264754366682696,0.7459803845803447,1.0,7.0,0.7478846288560342,6.0,70,10.0
load_aware,0.5214285714285715,883.7946528110305,0.12926635191031488,0.7522190760774959,1.0,7.0,0.7598101128553792,6.0,70,10.0
oracle,1.0,532.644030113829,0.47522755653809945,0.0,0.8333333333333334,3.5833333333333335,1.1774881433714572,0.5,90,10.0
ml_gcn,0.5861111111111111,719.5565573734242,0.2910772833759367,0.4626779414728492,0.8333333333333334,4.916666666666667,0.991114863150513,0.5,90,10.0
rsrp,0.5092592592592592,938.0597223693499,0.07580322919275871,0.8755343255848856,0.8333333333333334,7.0,0.8781876221702257,0.5,90,10.0
sinr,0.5092592592592592,938.0597223693499,0.07580322919275871,0.8755343255848856,0.8333333333333334,7.0,0.8781876221702257,0.5,90,10.0
load_aware,0.525,950.3014202503518,0.06374244310310162,0.9023464277781091,0.8333333333333334,7.0,0.8944771076650001,0.5,90,10.0
oracle,1.0,532.644030113829,0.47522755653809945,0.0,0.8333333333333334,3.5833333333333335,1.1774881433714572,2.0,90,10.0
ml_gcn,0.5861111111111111,719.5565573734242,0.2910772833759367,0.4626779414728492,0.8333333333333334,4.916666666666667,0.991114863150513,2.0,90,10.0
rsrp,0.5092592592592592,938.0597223693499,0.07580322919275871,0.8755343255848856,0.8333333333333334,7.0,0.8781876221702257,2.0,90,10.0
sinr,0.5092592592592592,938.0597223693499,0.07580322919275871,0.8755343255848856,0.8333333333333334,7.0,0.8781876221702257,2.0,90,10.0
load_aware,0.525,950.3014202503518,0.06374244310310162,0.9023464277781091,0.8333333333333334,7.0,0.8944771076650001,2.0,90,10.0
ml_gcn,0.5898148148148148,717.090999394978,0.2935064045369676,0.45578127579887334,0.862962962962963,4.916666666666667,0.987162193175496,4.0,90,10.0
rsrp,0.512962962962963,934.9575520510671,0.07885955462949058,0.8671678895456983,0.862962962962963,7.0,0.8754459345233032,4.0,90,10.0
sinr,0.512962962962963,934.9575520510671,0.07885955462949058,0.8671678895456983,0.862962962962963,7.0,0.8754459345233032,4.0,90,10.0
oracle,1.0,532.644030113829,0.47522755653809945,0.0,0.8333333333333334,3.5833333333333335,1.1774881433714572,4.0,90,10.0
load_aware,0.5277777777777778,949.0132369858496,0.06501158917650281,0.8993370457296256,0.8333333333333334,7.0,0.8913124733448728,4.0,90,10.0
ml_gcn,0.686111111111111,709.8801821145306,0.30061065801524084,0.2921040814107967,0.887037037037037,4.916666666666667,0.9771915904139696,6.0,90,10.0
rsrp,0.5685185185185185,924.9330641260958,0.08873589741271352,0.699313433697364,0.887037037037037,7.0,0.8678437272354683,6.0,90,10.0
sinr,0.5685185185185185,924.9330641260958,0.08873589741271352,0.699313433697364,0.887037037037037,7.0,0.8678437272354683,6.0,90,10.0
oracle,1.0,576.2705147557724,0.4322457982701749,0.0,0.8592592592592593,3.9166666666666665,1.092300786670058,6.0,90,10.0
load_aware,0.5648148148148148,936.1925842646623,0.07764277412348551,0.7224820235873954,0.8574074074074073,7.0,0.8889470761483644,6.0,90,10.0
