1.073760398288903933e-01,9.633916885459466780e-04,2.569944253107380328e-03,7.110941234008611063e-03,1.032068012873797389e-02,6.205375016023144674e+00,1.843332988204818626e-02
9.390511673754113955e-03,4.522538923644529017e-04,2.725296524695145980e-02,2.331649492261257706e+01,1.195717351426924457e-03,1.617660280127687362e-05,3.397823356552482753e-03
3.919789517497657139e-02,2.121236701609895484e-03,1.814367540157558003e-04,1.950543183634038968e-04,2.204408191465297151e-02,1.449696138995500760e+01,2.463008123617391534e-03
2.235468878769164428e-04,1.428746716881368983e-05,5.574401093507994412e-04,8.973583809095787274e+02,2.654342839531688598e-04,2.391347821072035089e-05,2.000421808567638980e-05
1.243693770828100602e-04,9.360654225835207242e-04,2.326493311582724863e-02,3.673785218186896628e+01,1.829773792439133660e-03,2.308122574585028662e-04,4.967676475019687727e-04
2.466196082150732827e-01,4.213757442616604767e-04,2.712208645467866462e-03,1.945845969424859212e-01,1.423633716236607283e+00,1.821481356577742171e-03,4.357341063215613985e-02
1.032045529486240731e+00,3.820320542519647141e-03,5.546218536861458048e-02,3.663784795037554054e-01,1.143480032085030518e-01,4.482909481496150095e-02,2.237222552440568633e-03
5.192322670049377177e-03,3.267119662140546832e-02,1.470612159584300249e-03,3.077141892864203032e-01,1.296990774849026362e+00,1.434405557937708520e-01,2.652094373484012793e-02
1.417301261129431944e-01,9.854541792812262502e-01,1.520947324680053600e-03,2.161791966270640904e-03,1.155288556756292519e-04,1.316652161909476759e-01,3.364302069394658479e-01
2.231932708979432745e-01,4.387718232839921129e-02,5.196966119108835658e-01,5.590684086969502919e-01,1.019573061325689152e-02,3.244619998305093775e-03,5.156974534223384560e-02
3.783664023373729335e-04,8.152763773034419400e-04,5.485187555315933520e-04,2.621523470495572994e+01,1.639946461581566137e-02,7.874889421313680709e-04,1.781517390210793361e-02
1.172762587352908081e-04,2.067053409155888435e-04,1.760698307154661205e-02,1.414782208588192525e+01,4.888868475097081501e-02,9.582722020862377479e-04,4.903471580047203369e-04
9.398860337325953829e-02,6.488837329228290540e-02,1.802400748635576500e-03,1.274372219455133497e-03,7.116731117662834609e-03,4.086633783989707808e-02,3.720686264047831759e+00
1.623035662144688357e-03,6.239639551819917834e-03,6.376252611268648707e+01,6.103114139906978125e-03,2.695420175161149169e-04,1.005367558864926848e-05,1.182341295824946084e-03
1.579125509475173550e-01,5.857665017307762956e-02,2.058409410427906927e+00,6.675950436773184227e-02,5.995249761361734486e-02,2.629056984724544802e-03,1.075639381370479403e-02
1.039502314317586190e-01,2.520195406719194509e-01,5.705574044312937687e-01,4.347250286338322223e-01,3.065386297592747017e-04,1.395150064169848811e-02,1.543743858420441872e-02
1.612938603966572459e-02,1.244864280068390611e-03,4.191843266655064654e-02,2.581797068135500250e+00,2.705411685109423425e-01,1.858749892138380024e-04,2.927794135733484838e-03
9.973177995861016998e-02,5.591625691242280149e-01,5.231299130368074479e-01,6.825580381304199862e-02,3.500978007104128820e-02,6.111080673473479746e-02,4.225994323291026866e-02
7.721894878427351672e-02,2.209523401740800391e-02,4.360894820715978393e-02,2.919314501680152717e-04,2.599964247910061584e-03,3.913220043473354713e-04,6.181188787848048705e+00
1.910479813576256144e-03,5.476801237187177707e-01,1.283491077466709207e+00,6.131499704907119111e-03,6.468527255651324026e-02,2.582706618397247189e-03,4.063162770642653361e-03
7.050606387975197169e-03,1.124390146706802374e-02,1.509960445262556775e-04,9.634669554815849732e-04,1.499924874777944445e-03,1.173836048386616682e+01,4.362607880707456559e-02
1.195063163364213981e-03,2.810290899991094681e-03,6.844469595956496732e+00,9.766126401741745400e-02,1.236825608987080806e-02,2.027372232571630559e-02,9.399345428318118796e-05
1.664804871081578376e-03,6.909381153921241505e-05,2.487059712189678556e-03,2.968470031619597355e-02,3.199200347053666182e-01,2.390233624372728904e+00,1.707407470119928078e-02
5.757583460888059390e-01,1.112613747515256657e+00,4.292594447864669233e-02,2.590125003173923343e-02,4.695893935303782803e-03,7.593333858706496171e-04,3.430907906016979203e-02
1.790515727125457035e+00,6.059614375461445414e-03,4.256316726228930730e-03,7.841262627943776722e-03,3.204118172352644622e-01,7.816026637764325298e-04,1.056579920767869440e-01
3.719544161086466016e-01,1.357949442293818199e-01,1.080896054556326757e-02,1.029800690058256009e-02,4.553309679345078631e-02,1.065874280929855367e+00,1.453254376713780313e-02
4.023785815929761464e-04,3.110346781135497863e-05,2.030072705525143821e-05,1.108310296932956771e-05,2.879293652444652019e-06,6.667611200462731861e-06,2.052308315967255112e+03
3.720118650000660554e-01,2.733986242274895062e-01,4.808768043066116021e-02,3.153345509066362087e-03,1.740694017026318168e-03,7.668784219349555897e-01,1.950840260598945761e-02
4.528263265879928917e-02,2.065757429131400980e-01,2.028273783938994601e+00,3.664761815551022869e-03,5.250204564226979877e-03,1.313411444619693239e-02,7.574085865977238374e-02
1.224733648478628645e-01,1.343548783648536753e-05,1.153523231748902408e-02,1.983979058573974094e-02,4.057890448861151689e-01,1.193152188722579554e+00,2.681691255166142665e-02
5.984951486467118137e-02,1.182654688557283409e-02,5.909175819619678569e-03,6.394748169732274688e-03,4.424272024800968497e-03,2.148485402974621206e+00,3.001908303673814782e-01
1.658666505616048781e+01,1.231618806562429392e-04,3.966846941852708239e-03,1.437971038744563512e-04,3.126797832431164881e-02,2.233583621614528003e-02,3.694550525440228224e-04
1.967378163053531970e-02,4.704861635021124512e-03,3.755407181898616389e-04,1.643111076697673003e-04,1.790164116214400258e-04,8.798685357257850573e-03,2.882584660963750167e+01
1.831720942613440997e-02,7.273070503119860846e-04,6.923006013568745731e-02,6.651254246853420538e-02,5.280824629090004052e+00,8.066026594291881777e-03,5.019263704848121212e-03
3.815720412141540823e-03,2.935618325167017595e-01,2.435549429014403078e+00,1.020912133418203880e-04,8.503706493748595593e-03,3.363328835994929163e-03,4.913957445380155720e-02
2.039413511883139962e-01,1.362938008859807537e-01,1.668292050280815841e+00,1.035932108014201228e-02,2.158872797681613345e-02,9.965841124339607643e-03,4.424588415036804362e-02
2.087111136446853366e-01,2.316804108115837028e-03,3.635149105448207824e-02,1.055956454438542391e-03,6.874085435897455687e-01,6.079594540716954931e-01,3.226307132847547397e-04
9.583650869403232547e-03,3.267005092041537929e-03,1.291752468112371766e+01,2.498252575972231999e-03,4.323657405713784291e-02,2.181074828218585587e-03,1.079686188468588666e-02
8.050182367399660865e-02,2.783025650062459500e-01,2.283396453857401143e-01,6.301770996760879262e-01,5.059159263552173019e-02,2.339019215130617654e-03,7.386069064130092177e-02
1.492009384601767838e-03,2.077269753822426693e-02,6.362295379130409323e-01,1.008716919179800525e-01,8.541279861397381712e-01,2.809014328635359506e-02,8.883071698596294724e-03
2.455383007913761531e-02,2.254790393327307796e-01,1.388934087450202970e+00,1.803161038701282526e-01,2.062693780079779063e-02,2.852865924572349152e-02,8.299865271263715287e-04
1.503078189899947036e-02,1.419184215250270413e-06,2.700318416463204016e-02,5.081676197759907865e+00,9.053688904228830714e-02,3.577357243101075140e-02,1.455441634322311717e-03
2.050236226723671073e-03,5.996189416795948742e-04,1.237323755828987140e-02,2.141613752473368534e-02,2.844526530401910759e-04,2.335785897987789639e+01,1.588640320272143979e-03
3.635650390259598762e-03,4.557046202751412201e-02,2.504057925776013604e+00,1.337587419326127236e-01,1.406454915722411478e-02,8.427085903561008784e-02,1.228391987644064480e-02
4.714605423762404518e-02,1.066849146286252782e-03,7.535920255176115252e-03,8.782252929580385697e-03,7.892889236191834357e+00,5.029354812015544851e-02,1.210474133503622679e-05
3.024577889708766378e-03,5.862305874625436175e+00,1.490797036798373408e-04,1.346462360253978434e-03,5.261745131755362660e-03,1.923544792918122992e-03,1.537673673172391675e-01
7.552624209189495730e-02,4.712508387343897209e-03,4.947241037068692698e-02,2.816161191772525649e-02,5.953790189245344866e-02,3.530697456595661976e-02,2.820069578911516217e+00
1.585185150487381043e-04,4.829480203407462113e+02,3.785128815473795386e-04,4.507647409818277040e-05,6.636360207074102876e-05,7.471773936571459123e-07,1.401875002159096379e-03
2.983156568395243027e-03,1.975297688433488158e-03,1.685184785087772419e-01,4.656212064747042412e+00,1.150624499919705203e-02,4.096162023968215413e-04,1.079067202373981335e-02
1.134320224164655361e-02,2.708949026168087221e-02,1.636643229911296073e-04,5.806053148005081536e-03,4.458412269204960893e-02,2.632777601316192762e+00,2.291555153036298753e-01
