policy,graph_id,hour,raw_assignment_accuracy,assignment_accuracy,energy_w,switching_penalty_w,energy_w_with_switching,energy_saving_vs_all_on,energy_saving_with_switching_vs_all_on,energy_gap_vs_oracle,energy_gap_with_switching_vs_oracle_static,served_ratio,active_bs,switch_events,activation_events,deactivation_events,max_load,mean_active_load
rsrp,0,0,0.3,0.28,765.397685797682,0.0,765.397685797682,0.2459136100515448,0.2459136100515448,1.450788629360593,1.450788629360593,1.0,7.0,0,0,0,0.5078331021009339,0.35168230077319995
rsrp,1,1,0.38,0.4,875.6140693875861,0.0,875.6140693875861,0.1373260400122304,0.1373260400122304,1.0552980406160746,1.0552980406160746,1.0,7.0,0,0,0,0.7659181080967793,0.637958621785938
rsrp,2,2,0.48,0.42,862.6726819203627,0.0,862.6726819203627,0.15007617544791851,0.15007617544791851,1.023993743495304,1.023993743495304,1.0,7.0,0,0,0,0.9000297980987819,0.6043446283645786
rsrp,3,3,0.5,0.5,880.3439113499196,0.0,880.3439113499196,0.13266609719219744,0.13266609719219744,0.9872635420458334,0.9872635420458334,1.0,7.0,0,0,0,0.7834254544938191,0.650243925584207
rsrp,4,4,0.38,0.4,845.1891913635502,0.0,845.1891913635502,0.16730128929699487,0.16730128929699487,0.9035773804590855,0.9035773804590855,1.0,7.0,0,0,0,0.6115946157924483,0.5589329645806499
rsrp,5,5,0.42,0.38,932.2538462888201,0.0,932.2538462888201,0.0815233041489457,0.0815233041489457,1.8652206407769107,1.8652206407769107,1.0,7.0,0,0,0,0.9593325068613255,0.7850749254255065
rsrp,6,6,0.32,0.3,809.4639296476724,0.0,809.4639296476724,0.20249859148012567,0.20249859148012567,1.5371843325432542,1.5371843325432542,1.0,7.0,0,0,0,0.5433806729026963,0.4661400770069416
rsrp,7,7,0.34,0.3,809.9717782834372,0.0,809.9717782834372,0.20199824799661362,0.20199824799661362,1.5741987438280192,1.5741987438280192,1.0,7.0,0,0,0,0.5126161644590107,0.4674591643725643
rsrp,8,8,0.4,0.4,875.8644846196033,0.0,875.8644846196033,0.13707932549792776,0.13707932549792776,1.0224452493058904,1.0224452493058904,1.0,7.0,0,0,0,0.7489097626967901,0.6386090509600084
rsrp,9,9,0.4,0.34,859.432615984754,0.0,859.432615984754,0.15326835863571037,0.15326835863571037,1.6606281552608344,1.6606281552608344,1.0,7.0,0,0,0,0.7386963597974281,0.5959288726876725
rsrp,10,10,0.34,0.32,745.376839140714,0.0,745.376839140714,0.2656385821273754,0.2656385821273754,1.368068116772447,1.368068116772447,1.0,7.0,0,0,0,0.39826726629282017,0.29968010166419184
rsrp,11,11,0.3,0.18,835.7169686428421,0.0,835.7169686428421,0.1766335284306975,0.1766335284306975,1.6894091274598932,1.6894091274598932,1.0,7.0,0,0,0,0.7121280152221051,0.5343297886827066
rsrp,12,12,0.42,0.36,842.9880829101842,0.0,842.9880829101842,0.16946986905400574,0.16946986905400574,1.7977345946878704,1.7977345946878704,1.0,7.0,0,0,0,0.6487996162121992,0.5532157997667124
rsrp,13,13,0.52,0.46,814.1641498602266,0.0,814.1641498602266,0.197867832650023,0.197867832650023,0.8371625189143794,0.8371625189143794,1.0,7.0,0,0,0,0.650199293338254,0.4783484411953941
rsrp,14,14,0.5,0.38,797.0049790399545,0.0,797.0049790399545,0.21477341966506946,0.21477341966506946,1.8123518740071682,1.8123518740071682,1.0,7.0,0,0,0,0.5558695450603577,0.43377916633754415
rsrp,15,15,0.4,0.36,783.2726040272896,0.0,783.2726040272896,0.22830285317508411,0.22830285317508411,1.7969695604936402,1.7969695604936402,1.0,7.0,0,0,0,0.46898502237470735,0.3981106598111414
rsrp,16,16,0.28,0.28,820.9472978920136,0.0,820.9472978920136,0.1911849281852083,0.1911849281852083,1.5580211098533743,1.5580211098533743,1.0,7.0,0,0,0,0.6540313837070384,0.4959670075117238
rsrp,17,17,0.48,0.52,848.9159531031319,0.0,848.9159531031319,0.16362960285405728,0.16362960285405728,0.9745334203551125,0.9745334203551125,1.0,7.0,0,0,0,0.6406774100562624,0.56861286520294
rsrp,18,18,0.56,0.52,790.7030668987393,0.0,790.7030668987393,0.22098220009976427,0.22098220009976427,0.9142454118773409,0.9142454118773409,1.0,7.0,0,0,0,0.5396540295734549,0.4174105633733487
rsrp,19,19,0.34,0.34,790.943148756658,0.0,790.943148756658,0.220745666249598,0.220745666249598,1.4245178652416117,1.4245178652416117,1.0,7.0,0,0,0,0.519146337769007,0.41803415261469606
sinr,0,0,0.3,0.28,765.397685797682,0.0,765.397685797682,0.2459136100515448,0.2459136100515448,1.450788629360593,1.450788629360593,1.0,7.0,0,0,0,0.5078331021009339,0.35168230077319995
sinr,1,1,0.38,0.4,875.6140693875861,0.0,875.6140693875861,0.1373260400122304,0.1373260400122304,1.0552980406160746,1.0552980406160746,1.0,7.0,0,0,0,0.7659181080967793,0.637958621785938
sinr,2,2,0.48,0.42,862.6726819203627,0.0,862.6726819203627,0.15007617544791851,0.15007617544791851,1.023993743495304,1.023993743495304,1.0,7.0,0,0,0,0.9000297980987819,0.6043446283645786
sinr,3,3,0.5,0.5,880.3439113499196,0.0,880.3439113499196,0.13266609719219744,0.13266609719219744,0.9872635420458334,0.9872635420458334,1.0,7.0,0,0,0,0.7834254544938191,0.650243925584207
sinr,4,4,0.38,0.4,845.1891913635502,0.0,845.1891913635502,0.16730128929699487,0.16730128929699487,0.9035773804590855,0.9035773804590855,1.0,7.0,0,0,0,0.6115946157924483,0.5589329645806499
sinr,5,5,0.42,0.38,932.2538462888201,0.0,932.2538462888201,0.0815233041489457,0.0815233041489457,1.8652206407769107,1.8652206407769107,1.0,7.0,0,0,0,0.9593325068613255,0.7850749254255065
sinr,6,6,0.32,0.3,809.4639296476724,0.0,809.4639296476724,0.20249859148012567,0.20249859148012567,1.5371843325432542,1.5371843325432542,1.0,7.0,0,0,0,0.5433806729026963,0.4661400770069416
sinr,7,7,0.34,0.3,809.9717782834372,0.0,809.9717782834372,0.20199824799661362,0.20199824799661362,1.5741987438280192,1.5741987438280192,1.0,7.0,0,0,0,0.5126161644590107,0.4674591643725643
sinr,8,8,0.4,0.4,875.8644846196033,0.0,875.8644846196033,0.13707932549792776,0.13707932549792776,1.0224452493058904,1.0224452493058904,1.0,7.0,0,0,0,0.7489097626967901,0.6386090509600084
sinr,9,9,0.4,0.34,859.432615984754,0.0,859.432615984754,0.15326835863571037,0.15326835863571037,1.6606281552608344,1.6606281552608344,1.0,7.0,0,0,0,0.7386963597974281,0.5959288726876725
sinr,10,10,0.34,0.32,745.376839140714,0.0,745.376839140714,0.2656385821273754,0.2656385821273754,1.368068116772447,1.368068116772447,1.0,7.0,0,0,0,0.39826726629282017,0.29968010166419184
sinr,11,11,0.3,0.18,835.7169686428421,0.0,835.7169686428421,0.1766335284306975,0.1766335284306975,1.6894091274598932,1.6894091274598932,1.0,7.0,0,0,0,0.7121280152221051,0.5343297886827066
sinr,12,12,0.42,0.36,842.9880829101842,0.0,842.9880829101842,0.16946986905400574,0.16946986905400574,1.7977345946878704,1.7977345946878704,1.0,7.0,0,0,0,0.6487996162121992,0.5532157997667124
sinr,13,13,0.52,0.46,814.1641498602266,0.0,814.1641498602266,0.197867832650023,0.197867832650023,0.8371625189143794,0.8371625189143794,1.0,7.0,0,0,0,0.650199293338254,0.4783484411953941
sinr,14,14,0.5,0.38,797.0049790399545,0.0,797.0049790399545,0.21477341966506946,0.21477341966506946,1.8123518740071682,1.8123518740071682,1.0,7.0,0,0,0,0.5558695450603577,0.43377916633754415
sinr,15,15,0.4,0.36,783.2726040272896,0.0,783.2726040272896,0.22830285317508411,0.22830285317508411,1.7969695604936402,1.7969695604936402,1.0,7.0,0,0,0,0.46898502237470735,0.3981106598111414
sinr,16,16,0.28,0.28,820.9472978920136,0.0,820.9472978920136,0.1911849281852083,0.1911849281852083,1.5580211098533743,1.5580211098533743,1.0,7.0,0,0,0,0.6540313837070384,0.4959670075117238
sinr,17,17,0.48,0.52,848.9159531031319,0.0,848.9159531031319,0.16362960285405728,0.16362960285405728,0.9745334203551125,0.9745334203551125,1.0,7.0,0,0,0,0.6406774100562624,0.56861286520294
sinr,18,18,0.56,0.52,790.7030668987393,0.0,790.7030668987393,0.22098220009976427,0.22098220009976427,0.9142454118773409,0.9142454118773409,1.0,7.0,0,0,0,0.5396540295734549,0.4174105633733487
sinr,19,19,0.34,0.34,790.943148756658,0.0,790.943148756658,0.220745666249598,0.220745666249598,1.4245178652416117,1.4245178652416117,1.0,7.0,0,0,0,0.519146337769007,0.41803415261469606
load_aware,0,0,0.28,0.28,773.804533678694,0.0,773.804533678694,0.23763100130177928,0.23763100130177928,1.4777071941509685,1.4777071941509685,1.0,7.0,0,0,0,0.5078331021009339,0.3735182692953091
load_aware,1,1,0.4,0.4,889.2221552066212,0.0,889.2221552066212,0.1239190589097328,0.1239190589097328,1.0872398207886564,1.0872398207886564,1.0,7.0,0,0,0,0.7659181080967793,0.6733042992379771
load_aware,2,2,0.42,0.42,882.698881259573,0.0,882.698881259573,0.13034592979352413,0.13034592979352413,1.0709790057135564,1.0709790057135564,1.0,7.0,0,0,0,0.8722973444768563,0.6563607305443455
load_aware,3,3,0.48,0.48,891.3423479307337,0.0,891.3423479307337,0.12183019908302099,0.12183019908302099,1.0120911029055886,1.0120911029055886,1.0,7.0,0,0,0,0.760096589047075,0.6788112933265813
load_aware,4,4,0.4,0.4,845.1891913635502,0.0,845.1891913635502,0.16730128929699487,0.16730128929699487,0.9035773804590855,0.9035773804590855,1.0,7.0,0,0,0,0.6115946157924483,0.5589329645806499
load_aware,5,5,0.38,0.38,964.7181300481669,0.0,964.7181300481669,0.049538788129884805,0.049538788129884805,1.9649974733269817,1.9649974733269817,1.0,7.0,0,0,0,0.9593325068613255,0.869397740384849
load_aware,6,6,0.3,0.3,819.2642888446402,0.0,819.2642888446402,0.1928430651776944,0.1928430651776944,1.5679025855711137,1.5679025855711137,1.0,7.0,0,0,0,0.5433806729026963,0.49159555544062394
load_aware,7,7,0.28,0.28,815.0627837052228,0.0,815.0627837052228,0.19698247910815483,0.19698247910815483,1.5903786406009117,1.5903786406009117,1.0,7.0,0,0,0,0.5126161644590107,0.48068255507850094
load_aware,8,8,0.4,0.4,875.8644846196033,0.0,875.8644846196033,0.13707932549792776,0.13707932549792776,1.0224452493058904,1.0224452493058904,1.0,7.0,0,0,0,0.7489097626967901,0.6386090509600084
load_aware,9,9,0.36,0.36,857.0337802659135,0.0,857.0337802659135,0.1556317435803808,0.1556317435803808,1.6532018489574842,1.6532018489574842,1.0,7.0,0,0,0,0.7829495634922501,0.5896981305608148
load_aware,10,10,0.32,0.32,746.6178349285489,0.0,746.6178349285489,0.2644159261787696,0.2644159261787696,1.3720107702114896,1.3720107702114896,1.0,7.0,0,0,0,0.39826726629282017,0.30290346734688
load_aware,11,11,0.16,0.16,850.2353191652729,0.0,850.2353191652729,0.16232973481253898,0.16232973481253898,1.7361304289001354,1.7361304289001354,1.0,7.0,0,0,0,0.616307747136491,0.5720397900396698
load_aware,12,12,0.36,0.36,845.5759296891113,0.0,845.5759296891113,0.16692026631614654,0.16692026631614654,1.8063232196114416,1.8063232196114416,1.0,7.0,0,0,0,0.6487996162121992,0.5599374797119775
load_aware,13,13,0.44,0.44,822.34700706116,0.0,822.34700706116,0.18980590437324144,0.18980590437324144,0.8556271473922659,0.8556271473922659,1.0,7.0,0,0,0,0.650199293338254,0.49960261574327236
load_aware,14,14,0.38,0.38,804.2459910840255,0.0,804.2459910840255,0.20763941765120641,0.20763941765120641,1.837902873470662,1.837902873470662,1.0,7.0,0,0,0,0.5453234946158991,0.4525869898286374
load_aware,15,15,0.38,0.38,788.9776060845336,0.0,788.9776060845336,0.22268216149307035,0.22268216149307035,1.8173414170026279,1.8173414170026279,1.0,7.0,0,0,0,0.4733694780758005,0.4129288469728146
load_aware,16,16,0.28,0.28,822.4695460263258,0.0,822.4695460263258,0.18968517632874304,0.18968517632874304,1.5627643410839347,1.5627643410839347,1.0,7.0,0,0,0,0.6076640539293425,0.49992089876967766
load_aware,17,17,0.52,0.52,848.9159531031319,0.0,848.9159531031319,0.16362960285405728,0.16362960285405728,0.9745334203551125,0.9745334203551125,1.0,7.0,0,0,0,0.6406774100562624,0.56861286520294
load_aware,18,18,0.52,0.52,790.7030668987393,0.0,790.7030668987393,0.22098220009976427,0.22098220009976427,0.9142454118773409,0.9142454118773409,1.0,7.0,0,0,0,0.5396540295734549,0.4174105633733487
load_aware,19,19,0.34,0.34,800.1036411589807,0.0,800.1036411589807,0.21172055058228498,0.21172055058228498,1.4525979839186045,1.4525979839186045,1.0,7.0,0,0,0,0.519146337769007,0.4418276393739758
rsrp_sleep,0,0,0.92,0.94,309.7291035815475,0.0,309.7291035815475,0.6948481738112833,0.6948481738112833,-0.008253383404723097,-0.008253383404723097,1.0,2.0,0,0,0,0.8181803954547588,0.8157191234686141
rsrp_sleep,1,1,0.36,0.4,537.6191138784917,140.0,677.6191138784917,0.4703259961788259,0.3323949616960673,0.2619343955094741,0.5905514606595351,1.0,4.0,4,3,1,0.715755932928252,0.6982686994476898
rsrp_sleep,2,2,0.96,0.98,421.0310208619163,105.0,526.0310208619163,0.5851911124513139,0.481742836589245,-0.012181363915466351,0.23416855247915708,1.0,3.0,3,1,2,0.7916447692148154,0.7214001264358565
rsrp_sleep,3,3,0.94,0.98,439.4644793499814,140.0,579.4644793499814,0.5670300696059297,0.42909903512317105,-0.007965266100148412,0.30806678944028104,1.0,3.0,4,2,2,0.8784399183602546,0.8331180566665536
rsrp_sleep,4,4,0.38,0.42,545.9459382713324,105.0,650.9459382713324,0.46212222830410604,0.3586739524420371,0.22960675511028475,0.46609300811802035,1.0,4.0,3,2,1,0.7822671718500481,0.7361179012333291
rsrp_sleep,5,5,0.78,0.74,445.4690901774619,105.0,550.4690901774619,0.5611141968694957,0.4576659210074267,0.36911983478064997,0.6918304017353615,1.0,3.0,3,1,2,0.9019815607446225,0.8695096374391632
rsrp_sleep,6,6,0.98,1.0,319.0402523242259,105.0,424.0402523242259,0.6856746282519942,0.5822263523899253,0.0,0.3291120767209441,1.0,2.0,3,1,2,0.9250651088576194,0.9003659302202355
rsrp_sleep,7,7,0.74,0.72,405.3952638115453,105.0,510.3952638115453,0.6005957992004479,0.497147523338379,0.2884004194184748,0.6221044759656869,1.0,3.0,3,2,1,0.6875046999531454,0.6266379624942141
rsrp_sleep,8,8,0.98,0.98,428.0300656493383,140.0,568.0300656493383,0.578295501823312,0.4403644673405534,-0.011642339615402151,0.31162951336513767,1.0,3.0,4,2,2,0.8927285750036702,0.7638185796929594
rsrp_sleep,9,9,1.0,1.0,323.01868800621617,175.0,498.01868800621617,0.6817549871859939,0.5093411940825456,0.0,0.5417643204489528,1.0,2.0,5,2,3,0.9366884027056337,0.9365335273292379
rsrp_sleep,10,10,0.98,1.0,314.7615703540756,140.0,454.7615703540756,0.689890078468891,0.5519590439861324,0.0,0.44478110794311343,1.0,2.0,4,2,2,0.8689180968724579,0.8614688214006871
rsrp_sleep,11,11,0.0,0.0,303.85271999054135,140.0,443.85271999054135,0.7006377142950332,0.5627066798122745,-0.022175797299965105,0.42835625119466847,1.0,2.0,4,2,2,0.7747632862133441,0.7622974544594666
rsrp_sleep,12,12,0.0,0.0,321.97000962737525,140.0,461.97000962737525,0.6827881678548027,0.5448571333720441,0.06856390101835932,0.5332001766631167,1.0,2.0,4,2,2,0.9289888790544342,0.927000087521593
rsrp_sleep,13,13,0.8,0.78,518.2067256368264,140.0,658.2067256368264,0.489451501835639,0.3515204673528804,0.16933418592892654,0.485244377617137,1.0,4.0,4,3,1,0.7177696417591842,0.6100305710764836
rsrp_sleep,14,14,0.98,1.0,283.39447364541377,140.0,423.39447364541377,0.7207936220242229,0.5828625875414642,0.0,0.494011044743129,1.0,2.0,4,1,3,0.5832879471592268,0.5763133967764889
rsrp_sleep,15,15,1.0,1.0,280.04330654533436,140.0,420.04330654533436,0.7240952644873553,0.5861642300045966,0.0,0.49992267884230374,1.0,2.0,4,2,2,0.5702888061635912,0.5458482413212213
rsrp_sleep,16,16,0.96,0.98,320.31270914602175,70.0,390.31270914602175,0.6844209762108161,0.6154554589694368,-0.001925368590924959,0.21619031088024337,1.0,2.0,2,1,1,0.940419516234578,0.9119337195092886
rsrp_sleep,17,17,0.48,0.5,441.89630002522154,105.0,546.8963000252215,0.5646341871672694,0.4611859113052005,0.027827324414844524,0.2720517477861173,1.0,3.0,3,2,1,0.8943204703720747,0.8478563637892216
rsrp_sleep,18,18,0.64,0.62,419.33683656559106,70.0,489.33683656559106,0.5868602595412896,0.5178947422999103,0.015189707781467188,0.18465557232777746,1.0,3.0,2,1,1,0.7522547368226126,0.7111323428217641
rsrp_sleep,19,19,0.26,0.26,395.1104180476666,210.0,605.1104180476666,0.6107286521697866,0.40383210044564866,0.21115186193283966,0.8548754373896938,1.0,3.0,6,3,3,0.6130710161428787,0.5643055639252519
sinr_sleep,0,0,0.92,0.94,309.7291035815475,0.0,309.7291035815475,0.6948481738112833,0.6948481738112833,-0.008253383404723097,-0.008253383404723097,1.0,2.0,0,0,0,0.8181803954547588,0.8157191234686141
sinr_sleep,1,1,0.36,0.4,537.6191138784917,140.0,677.6191138784917,0.4703259961788259,0.3323949616960673,0.2619343955094741,0.5905514606595351,1.0,4.0,4,3,1,0.715755932928252,0.6982686994476898
sinr_sleep,2,2,0.96,0.98,421.0310208619163,105.0,526.0310208619163,0.5851911124513139,0.481742836589245,-0.012181363915466351,0.23416855247915708,1.0,3.0,3,1,2,0.7916447692148154,0.7214001264358565
sinr_sleep,3,3,0.94,0.98,439.4644793499814,140.0,579.4644793499814,0.5670300696059297,0.42909903512317105,-0.007965266100148412,0.30806678944028104,1.0,3.0,4,2,2,0.8784399183602546,0.8331180566665536
sinr_sleep,4,4,0.38,0.42,545.9459382713324,105.0,650.9459382713324,0.46212222830410604,0.3586739524420371,0.22960675511028475,0.46609300811802035,1.0,4.0,3,2,1,0.7822671718500481,0.7361179012333291
sinr_sleep,5,5,0.78,0.74,445.4690901774619,105.0,550.4690901774619,0.5611141968694957,0.4576659210074267,0.36911983478064997,0.6918304017353615,1.0,3.0,3,1,2,0.9019815607446225,0.8695096374391632
sinr_sleep,6,6,0.98,1.0,319.0402523242259,105.0,424.0402523242259,0.6856746282519942,0.5822263523899253,0.0,0.3291120767209441,1.0,2.0,3,1,2,0.9250651088576194,0.9003659302202355
sinr_sleep,7,7,0.74,0.72,405.3952638115453,105.0,510.3952638115453,0.6005957992004479,0.497147523338379,0.2884004194184748,0.6221044759656869,1.0,3.0,3,2,1,0.6875046999531454,0.6266379624942141
sinr_sleep,8,8,0.98,0.98,428.0300656493383,140.0,568.0300656493383,0.578295501823312,0.4403644673405534,-0.011642339615402151,0.31162951336513767,1.0,3.0,4,2,2,0.8927285750036702,0.7638185796929594
sinr_sleep,9,9,1.0,1.0,323.01868800621617,175.0,498.01868800621617,0.6817549871859939,0.5093411940825456,0.0,0.5417643204489528,1.0,2.0,5,2,3,0.9366884027056337,0.9365335273292379
sinr_sleep,10,10,0.98,1.0,314.7615703540756,140.0,454.7615703540756,0.689890078468891,0.5519590439861324,0.0,0.44478110794311343,1.0,2.0,4,2,2,0.8689180968724579,0.8614688214006871
sinr_sleep,11,11,0.0,0.0,303.85271999054135,140.0,443.85271999054135,0.7006377142950332,0.5627066798122745,-0.022175797299965105,0.42835625119466847,1.0,2.0,4,2,2,0.7747632862133441,0.7622974544594666
sinr_sleep,12,12,0.0,0.0,321.97000962737525,140.0,461.97000962737525,0.6827881678548027,0.5448571333720441,0.06856390101835932,0.5332001766631167,1.0,2.0,4,2,2,0.9289888790544342,0.927000087521593
sinr_sleep,13,13,0.8,0.78,518.2067256368264,140.0,658.2067256368264,0.489451501835639,0.3515204673528804,0.16933418592892654,0.485244377617137,1.0,4.0,4,3,1,0.7177696417591842,0.6100305710764836
sinr_sleep,14,14,0.98,1.0,283.39447364541377,140.0,423.39447364541377,0.7207936220242229,0.5828625875414642,0.0,0.494011044743129,1.0,2.0,4,1,3,0.5832879471592268,0.5763133967764889
sinr_sleep,15,15,1.0,1.0,280.04330654533436,140.0,420.04330654533436,0.7240952644873553,0.5861642300045966,0.0,0.49992267884230374,1.0,2.0,4,2,2,0.5702888061635912,0.5458482413212213
sinr_sleep,16,16,0.96,0.98,320.31270914602175,70.0,390.31270914602175,0.6844209762108161,0.6154554589694368,-0.001925368590924959,0.21619031088024337,1.0,2.0,2,1,1,0.940419516234578,0.9119337195092886
sinr_sleep,17,17,0.48,0.5,441.89630002522154,105.0,546.8963000252215,0.5646341871672694,0.4611859113052005,0.027827324414844524,0.2720517477861173,1.0,3.0,3,2,1,0.8943204703720747,0.8478563637892216
sinr_sleep,18,18,0.64,0.62,419.33683656559106,70.0,489.33683656559106,0.5868602595412896,0.5178947422999103,0.015189707781467188,0.18465557232777746,1.0,3.0,2,1,1,0.7522547368226126,0.7111323428217641
sinr_sleep,19,19,0.26,0.26,395.1104180476666,210.0,605.1104180476666,0.6107286521697866,0.40383210044564866,0.21115186193283966,0.8548754373896938,1.0,3.0,6,3,3,0.6130710161428787,0.5643055639252519
load_sleep,0,0,1.0,1.0,312.3066904375891,0.0,312.3066904375891,0.6923086793718334,0.6923086793718334,0.0,0.0,1.0,2.0,0,0,0,0.8474521245439643,0.83915173125081
load_sleep,1,1,1.0,1.0,426.0277838464349,105.0,531.0277838464349,0.580268193254744,0.476819917392675,0.0,0.24646279886254574,1.0,3.0,3,2,1,0.7625887989249435,0.7516835384632419
load_sleep,2,2,1.0,1.0,426.22299831351444,140.0,566.2229983135144,0.5800758637305277,0.4421448292477691,0.0,0.3284665551928311,1.0,3.0,4,2,2,0.7671803862913698,0.752866656445542
load_sleep,3,3,0.24,0.24,452.56903193261,140.0,592.56903193261,0.5541191803619606,0.416188145879202,0.021616581682892794,0.3376486372233221,1.0,3.0,4,2,2,0.9162019209979904,0.9125395874703637
load_sleep,4,4,0.28,0.28,451.4623977892661,70.0,521.4623977892661,0.5552094603061418,0.48624394306476243,0.016806198353060492,0.17446370035821754,1.0,3.0,2,1,1,0.9111519545110701,0.9058327138743404
load_sleep,5,5,0.26,0.26,448.56618414925106,70.0,518.5661841492511,0.5580628727593586,0.4890973555179792,0.3786385486049175,0.5937789265747252,1.0,3.0,2,1,1,0.9124127088941172,0.8882799039348548
load_sleep,6,6,1.0,1.0,319.0402523242259,175.0,494.0402523242259,0.6856746282519942,0.5132608351485459,0.0,0.5485201278682402,1.0,2.0,5,2,3,0.9250651088576194,0.9003659302202355
load_sleep,7,7,0.36,0.36,405.0110409524256,175.0,580.0110409524257,0.6009743438892358,0.42856055078578753,0.2871793077355566,0.8433527353142435,1.0,3.0,5,3,2,0.6896437558083021,0.62430933910561
load_sleep,8,8,1.0,1.0,433.0720373865264,210.0,643.0720373865264,0.5733280419837178,0.3664314902595799,0.0,0.4849077794708097,1.0,3.0,6,3,3,0.863144788174814,0.7943759841607659
load_sleep,9,9,1.0,1.0,323.01868800621617,175.0,498.01868800621617,0.6817549871859939,0.5093411940825456,0.0,0.5417643204489528,1.0,2.0,5,2,3,0.9366884027056337,0.9365335273292379
load_sleep,10,10,1.0,1.0,314.7615703540756,140.0,454.7615703540756,0.689890078468891,0.5519590439861324,0.0,0.44478110794311343,1.0,2.0,4,2,2,0.8689180968724579,0.8614688214006871
load_sleep,11,11,0.0,0.0,314.23743168945543,140.0,454.23743168945543,0.6904064712419158,0.5524754367591572,0.011243098662448828,0.4617751471570824,1.0,2.0,4,2,2,0.8852529266822347,0.8567039244495953
load_sleep,12,12,0.0,0.0,404.5331489526345,105.0,509.5331489526345,0.6014451734456803,0.4979968975836113,0.34257696931569986,0.6910541760492679,1.0,3.0,3,2,1,0.6436615854288776,0.6214130239553607
load_sleep,13,13,1.0,1.0,443.1639234297761,210.0,653.1639234297761,0.563385297113521,0.35648874538938313,0.0,0.4738652875323157,1.0,3.0,6,3,3,0.8818205278701551,0.8555389298774311
load_sleep,14,14,0.32,0.32,314.97152820391403,105.0,419.97152820391403,0.6896832234444197,0.5862349475823507,0.11142438365968214,0.48193266721702893,1.0,2.0,3,1,2,0.8693998711588207,0.8633775291264913
load_sleep,15,15,0.48,0.48,300.27859342072935,140.0,440.27859342072935,0.7041590212603652,0.5662279867776067,0.07225770587064266,0.5721803847129464,1.0,2.0,4,2,2,0.7478172865565487,0.7298053947339032
load_sleep,16,16,0.2,0.2,421.83522517589586,35.0,456.83522517589586,0.5843987929301518,0.5499160343094622,0.31441252520162605,0.42347036493721024,1.0,3.0,1,1,0,0.7437633869634303,0.7262740919751264
load_sleep,17,17,1.0,1.0,429.9324307969715,140.0,569.9324307969715,0.5764212504463335,0.43849021596357485,0.0,0.32563256449503036,1.0,3.0,4,2,2,0.8117784784298318,0.7753480654361907
load_sleep,18,18,0.2,0.2,428.65874962182585,70.0,498.65874962182585,0.5776761087469696,0.5087105915055904,0.03775750857147242,0.2072233731177827,1.0,3.0,2,1,1,0.8518609921436983,0.7676287855868233
load_sleep,19,19,0.0,0.0,327.4596279641204,105.0,432.4596279641204,0.67737967688264,0.573931401020571,0.0037784882420707697,0.3256402759704979,1.0,2.0,3,1,2,0.9854459614073984,0.9769057087647304
greedy_sleep,0,0,1.0,1.0,312.3066904375891,0.0,312.3066904375891,0.6923086793718334,0.6923086793718334,0.0,0.0,1.0,2.0,0,0,0,0.8474521245439643,0.83915173125081
greedy_sleep,1,1,1.0,1.0,426.0277838464349,105.0,531.0277838464349,0.580268193254744,0.476819917392675,0.0,0.24646279886254574,1.0,3.0,3,2,1,0.7625887989249435,0.7516835384632419
greedy_sleep,2,2,1.0,1.0,426.22299831351444,140.0,566.2229983135144,0.5800758637305277,0.4421448292477691,0.0,0.3284665551928311,1.0,3.0,4,2,2,0.7671803862913698,0.752866656445542
greedy_sleep,3,3,0.24,0.24,452.56903193261,140.0,592.56903193261,0.5541191803619606,0.416188145879202,0.021616581682892794,0.3376486372233221,1.0,3.0,4,2,2,0.9162019209979904,0.9125395874703637
greedy_sleep,4,4,0.28,0.28,451.4623977892661,70.0,521.4623977892661,0.5552094603061418,0.48624394306476243,0.016806198353060492,0.17446370035821754,1.0,3.0,2,1,1,0.9111519545110701,0.9058327138743404
greedy_sleep,5,5,0.26,0.26,448.56618414925106,70.0,518.5661841492511,0.5580628727593586,0.4890973555179792,0.3786385486049175,0.5937789265747252,1.0,3.0,2,1,1,0.9124127088941172,0.8882799039348548
greedy_sleep,6,6,1.0,1.0,319.0402523242259,175.0,494.0402523242259,0.6856746282519942,0.5132608351485459,0.0,0.5485201278682402,1.0,2.0,5,2,3,0.9250651088576194,0.9003659302202355
greedy_sleep,7,7,0.36,0.36,405.0110409524256,175.0,580.0110409524257,0.6009743438892358,0.42856055078578753,0.2871793077355566,0.8433527353142435,1.0,3.0,5,3,2,0.6896437558083021,0.62430933910561
greedy_sleep,8,8,1.0,1.0,433.0720373865264,210.0,643.0720373865264,0.5733280419837178,0.3664314902595799,0.0,0.4849077794708097,1.0,3.0,6,3,3,0.863144788174814,0.7943759841607659
greedy_sleep,9,9,1.0,1.0,323.01868800621617,175.0,498.01868800621617,0.6817549871859939,0.5093411940825456,0.0,0.5417643204489528,1.0,2.0,5,2,3,0.9366884027056337,0.9365335273292379
greedy_sleep,10,10,1.0,1.0,314.7615703540756,140.0,454.7615703540756,0.689890078468891,0.5519590439861324,0.0,0.44478110794311343,1.0,2.0,4,2,2,0.8689180968724579,0.8614688214006871
greedy_sleep,11,11,0.0,0.0,314.23743168945543,140.0,454.23743168945543,0.6904064712419158,0.5524754367591572,0.011243098662448828,0.4617751471570824,1.0,2.0,4,2,2,0.8852529266822347,0.8567039244495953
greedy_sleep,12,12,0.0,0.0,404.5331489526345,105.0,509.5331489526345,0.6014451734456803,0.4979968975836113,0.34257696931569986,0.6910541760492679,1.0,3.0,3,2,1,0.6436615854288776,0.6214130239553607
greedy_sleep,13,13,1.0,1.0,443.1639234297761,210.0,653.1639234297761,0.563385297113521,0.35648874538938313,0.0,0.4738652875323157,1.0,3.0,6,3,3,0.8818205278701551,0.8555389298774311
greedy_sleep,14,14,0.32,0.32,314.97152820391403,105.0,419.97152820391403,0.6896832234444197,0.5862349475823507,0.11142438365968214,0.48193266721702893,1.0,2.0,3,1,2,0.8693998711588207,0.8633775291264913
greedy_sleep,15,15,0.48,0.48,300.27859342072935,140.0,440.27859342072935,0.7041590212603652,0.5662279867776067,0.07225770587064266,0.5721803847129464,1.0,2.0,4,2,2,0.7478172865565487,0.7298053947339032
greedy_sleep,16,16,0.2,0.2,421.83522517589586,35.0,456.83522517589586,0.5843987929301518,0.5499160343094622,0.31441252520162605,0.42347036493721024,1.0,3.0,1,1,0,0.7437633869634303,0.7262740919751264
greedy_sleep,17,17,1.0,1.0,429.9324307969715,140.0,569.9324307969715,0.5764212504463335,0.43849021596357485,0.0,0.32563256449503036,1.0,3.0,4,2,2,0.8117784784298318,0.7753480654361907
greedy_sleep,18,18,0.2,0.2,428.65874962182585,70.0,498.65874962182585,0.5776761087469696,0.5087105915055904,0.03775750857147242,0.2072233731177827,1.0,3.0,2,1,1,0.8518609921436983,0.7676287855868233
greedy_sleep,19,19,0.0,0.0,327.4596279641204,105.0,432.4596279641204,0.67737967688264,0.573931401020571,0.0037784882420707697,0.3256402759704979,1.0,2.0,3,1,2,0.9854459614073984,0.9769057087647304
oracle,0,0,1.0,1.0,312.3066904375891,0.0,312.3066904375891,0.6923086793718334,0.6923086793718334,0.0,0.0,1.0,2.0,0,0,0,0.8474521245439643,0.83915173125081
oracle,1,1,1.0,1.0,426.0277838464349,105.0,531.0277838464349,0.580268193254744,0.476819917392675,0.0,0.24646279886254574,1.0,3.0,3,2,1,0.7625887989249435,0.7516835384632419
oracle,2,2,1.0,1.0,426.22299831351444,140.0,566.2229983135144,0.5800758637305277,0.4421448292477691,0.0,0.3284665551928311,1.0,3.0,4,2,2,0.7671803862913698,0.752866656445542
oracle,3,3,1.0,1.0,442.99303676835416,140.0,582.9930367683542,0.5635536583563013,0.4256226238735427,0.0,0.31603205554042946,1.0,3.0,4,2,2,0.8784399183602546,0.8545032531415405
oracle,4,4,1.0,1.0,444.0004383534522,0.0,444.0004383534522,0.5625611444793575,0.5625611444793575,0.0,0.0,1.0,3.0,0,0,0,0.9255653517018595,0.8606087172936498
oracle,5,5,1.0,1.0,325.36895519363475,35.0,360.36895519363475,0.6794394530111973,0.6449566943905076,0.0,0.10757018898490384,1.0,2.0,1,0,1,0.9579603291721179,0.9578995926694068
oracle,6,6,1.0,1.0,319.0402523242259,70.0,389.0402523242259,0.6856746282519942,0.6167091110106149,0.0,0.21940805114729608,1.0,2.0,2,1,1,0.9250651088576194,0.9003659302202355
oracle,7,7,1.0,1.0,314.65005576024436,70.0,384.65005576024436,0.6899999450637986,0.6210344278224192,0.0,0.22246937103147468,1.0,2.0,2,1,1,0.9038334305644955,0.8604550523658577
oracle,8,8,1.0,1.0,433.0720373865264,105.0,538.0720373865264,0.5733280419837178,0.4698797661216489,0.0,0.24245388973540485,1.0,3.0,3,2,1,0.863144788174814,0.7943759841607659
oracle,9,9,1.0,1.0,323.01868800621617,175.0,498.01868800621617,0.6817549871859939,0.5093411940825456,0.0,0.5417643204489528,1.0,2.0,5,2,3,0.9366884027056337,0.9365335273292379
oracle,10,10,1.0,1.0,314.7615703540756,140.0,454.7615703540756,0.689890078468891,0.5519590439861324,0.0,0.44478110794311343,1.0,2.0,4,2,2,0.8689180968724579,0.8614688214006871
oracle,11,11,1.0,1.0,310.7437095047581,140.0,450.7437095047581,0.6938485620642778,0.5559175275815191,0.0,0.4505320484946336,1.0,2.0,4,2,2,0.8316378484665429,0.8249428136796191
oracle,12,12,1.0,1.0,301.31095512447354,70.0,371.31095512447354,0.7031419161335235,0.6341763988921443,0.0,0.23231813782237867,1.0,2.0,2,1,1,0.7616119674574975,0.7391905011315775
oracle,13,13,1.0,1.0,443.1639234297761,35.0,478.1639234297761,0.563385297113521,0.5289025384928314,0.0,0.07897754792205262,1.0,3.0,1,1,0,0.8818205278701551,0.8555389298774311
oracle,14,14,1.0,1.0,283.39447364541377,105.0,388.39447364541377,0.7207936220242229,0.617345346162154,0.0,0.3705082835573468,1.0,2.0,3,1,2,0.5832879471592268,0.5763133967764889
oracle,15,15,1.0,1.0,280.04330654533436,140.0,420.04330654533436,0.7240952644873553,0.5861642300045966,0.0,0.49992267884230374,1.0,2.0,4,2,2,0.5702888061635912,0.5458482413212213
oracle,16,16,1.0,1.0,320.9306188794784,70.0,390.9306188794784,0.6838121981482972,0.6148466809069179,0.0,0.21811567947116833,1.0,2.0,2,1,1,0.9302029296412225,0.9175510807225313
oracle,17,17,1.0,1.0,429.9324307969715,35.0,464.9324307969715,0.5764212504463335,0.5419384918256438,0.0,0.08140814112375759,1.0,3.0,1,1,0,0.8117784784298318,0.7753480654361907
oracle,18,18,1.0,1.0,413.06253732810575,210.0,623.0625373281057,0.5930418351447234,0.3861452834205855,0.0,0.5083975936389307,1.0,3.0,6,3,3,0.6875438159883607,0.6731062868370046
oracle,19,19,1.0,1.0,326.2269831440643,105.0,431.2269831440643,0.6785941052767839,0.5751458294147149,0.0,0.3218617877284271,1.0,2.0,3,1,2,0.9703593717089026,0.9656998467642208
flat_mlp,0,0,0.0,0.0,328.3441356302338,0.0,328.3441356302338,0.6765082407583904,0.6765082407583904,0.051351590227458055,0.051351590227458055,1.0,2.0,0,0,0,0.9885108165552581,0.9849466875475801
flat_mlp,1,1,0.24,0.72,554.0329507324244,70.0,624.0329507324244,0.45415472834243903,0.3851892111010597,0.30046201618655466,0.46477054876158513,1.0,4.0,2,2,0,0.885101805543953,0.7728770487837471
flat_mlp,2,2,0.32,0.42,571.3764736446117,70.0,641.3764736446117,0.4370675136506289,0.36810199640924957,0.34055758583052226,0.5047908634269379,1.0,4.0,2,1,1,0.8878704855917975,0.8517112438391438
flat_mlp,3,3,0.5,0.42,558.3181677918941,210.0,768.3181677918941,0.44993283961389746,0.2430362878897595,0.26033170152027624,0.7343797848309204,1.0,4.0,6,3,3,0.8660455842951947,0.7923553081449731
flat_mlp,4,4,0.0,0.12,580.4914694796998,210.0,790.4914694796998,0.42808722218748785,0.22119067046334992,0.3074119287638907,0.7803844347793618,1.0,4.0,6,3,3,0.9706261476337952,0.8931430430895445
flat_mlp,5,5,0.16,0.48,671.8798388712818,35.0,706.8798388712818,0.3380494198312495,0.3035666612105598,1.0649783212151578,1.1725485102000617,1.0,5.0,1,1,0,0.8546020256141406,0.7486539595319337
flat_mlp,6,6,0.2,0.32,425.05955536964757,210.0,635.0595553696476,0.5812221129363078,0.37432556121216987,0.33230698093129374,0.990531134373182,1.0,3.0,6,2,4,0.7917972315661873,0.7458154870887731
flat_mlp,7,7,0.0,0.36,412.2078088759282,140.0,552.2078088759282,0.5938839321419427,0.455952897659184,0.3100515996412868,0.7549903417042362,1.0,3.0,4,2,2,0.6771789992000752,0.6679261143995651
flat_mlp,8,8,0.36,0.54,461.3784320807845,70.0,531.3784320807845,0.5454399683933158,0.4764744511519365,0.0653618618857952,0.2269977883760651,1.0,3.0,2,1,1,0.981257668580842,0.9659298913986939
flat_mlp,9,9,0.76,1.0,323.01868800621617,105.0,428.01868800621617,0.6817549871859939,0.578306711323925,0.0,0.32505859226937167,1.0,2.0,3,1,2,0.9366884027056337,0.9365335273292379
flat_mlp,10,10,0.1,0.22,420.19638131788497,105.0,525.196381317885,0.586013417420803,0.48256514155873403,0.3349672288303989,0.6685530597877339,1.0,3.0,3,2,1,0.7659391802569451,0.7163417049568787
flat_mlp,11,11,0.0,0.18,446.48309304154145,70.0,516.4830930415415,0.5601151792694173,0.491149662028038,0.4368210180444696,0.6620870422917864,1.0,3.0,2,1,1,0.9226107489879638,0.8756551093426754
flat_mlp,12,12,0.74,0.98,305.04029188594257,105.0,410.04029188594257,0.6994676927232093,0.5960194168611403,0.012377036739100358,0.36085424347266837,1.0,2.0,3,1,2,0.8079913843437422,0.7730935625994777
flat_mlp,13,13,0.56,0.74,552.4010453742178,70.0,622.4010453742178,0.4557625168726918,0.38679699963131253,0.24649371523526428,0.40444881107936953,1.0,4.0,2,2,0,0.7978328729727426,0.7654592971555354
flat_mlp,14,14,0.66,1.0,283.39447364541377,140.0,423.39447364541377,0.7207936220242229,0.5828625875414642,0.0,0.494011044743129,1.0,2.0,4,1,3,0.5832879471592268,0.5763133967764889
flat_mlp,15,15,0.38,0.4,321.0830669600739,140.0,461.0830669600739,0.6836620029950011,0.5457309685122425,0.14654790689702085,0.6464705857393246,1.0,2.0,4,2,2,0.956007419123537,0.9189369723643084
flat_mlp,16,16,0.24,0.36,423.9188080935011,105.0,528.9188080935012,0.582346001878324,0.47889772601625497,0.3209048409703117,0.6480783601770643,1.0,3.0,3,2,1,0.7666982258407158,0.7389018672333401
flat_mlp,17,17,0.28,0.5,453.84320785802845,140.0,593.8432078580284,0.5528638346226321,0.41493280013987344,0.055615197524720814,0.3812477620197512,1.0,3.0,4,2,2,0.9685844414382238,0.920261865806233
flat_mlp,18,18,0.42,0.6,432.4924528946665,70.0,502.4924528946665,0.5738990611875207,0.5049335439461414,0.04703867770784325,0.21650454225415353,1.0,3.0,2,1,1,0.8130927042562267,0.7908633508767666
flat_mlp,19,19,0.32,0.66,439.46672219612554,210.0,649.4667221961256,0.567027859905295,0.360131308181157,0.34711947479235244,0.9908430502492068,1.0,3.0,6,3,3,0.8510626629059802,0.8331316496734881
flat_mlp_pruned,0,0,0.0,0.0,327.43890711770155,0.0,327.43890711770155,0.6774000915096536,0.6774000915096536,0.04845306598750703,0.04845306598750703,1.0,2.0,0,0,0,0.9847500904504328,0.9767173374336502
flat_mlp_pruned,1,1,0.52,0.52,441.55357271262267,105.0,546.5535727126227,0.5649718495442141,0.46152357368214514,0.036443136938186585,0.2829059358007323,1.0,3.0,3,2,1,0.898345711606797,0.8457792285613497
flat_mlp_pruned,2,2,0.62,0.62,459.16957338092186,70.0,529.1695733809219,0.5476161838611607,0.4786506666197814,0.07729891441280955,0.24153219200922516,1.0,3.0,2,1,1,0.9762713654266697,0.9525428689752836
flat_mlp_pruned,3,3,0.44,0.44,557.212986581865,175.0,732.212986581865,0.4510216880966847,0.2786078949932364,0.2578368965949181,0.6528769660204549,1.0,4.0,5,3,2,0.8545838900699003,0.7873317571902955
flat_mlp_pruned,4,4,0.26,0.26,442.3061466231692,175.0,617.3061466231692,0.5642303974155969,0.3918166043121486,-0.0038159685980630404,0.3903277864148296,1.0,3.0,5,2,3,0.8754548651310649,0.8503402825646619
flat_mlp_pruned,5,5,1.0,1.0,325.36895519363475,175.0,500.36895519363475,0.6794394530111973,0.5070256599077491,0.0,0.5378509449245192,1.0,2.0,5,2,3,0.9579603291721179,0.9578995926694068
flat_mlp_pruned,6,6,0.32,0.32,425.05955536964757,175.0,600.0595553696476,0.5812221129363078,0.40880831983285953,0.33230698093129374,0.880827108799534,1.0,3.0,5,3,2,0.7917972315661873,0.7458154870887731
flat_mlp_pruned,7,7,0.36,0.36,411.8220992788447,140.0,551.8220992788447,0.5942639415971973,0.45633290711443875,0.30882576290608715,0.7537645049690366,1.0,3.0,4,2,2,0.6771789992000752,0.6655884804778468
flat_mlp_pruned,8,8,0.54,0.54,461.3784320807845,70.0,531.3784320807845,0.5454399683933158,0.4764744511519365,0.0653618618857952,0.2269977883760651,1.0,3.0,2,1,1,0.981257668580842,0.9659298913986939
flat_mlp_pruned,9,9,1.0,1.0,323.01868800621617,105.0,428.01868800621617,0.6817549871859939,0.578306711323925,0.0,0.32505859226937167,1.0,2.0,3,1,2,0.9366884027056337,0.9365335273292379
flat_mlp_pruned,10,10,0.38,0.38,322.9380784397764,70.0,392.9380784397764,0.6818344054780529,0.6128688882366735,0.02597683089617016,0.2483673848677269,1.0,2.0,2,1,1,0.9527409846860428,0.9358007130888766
flat_mlp_pruned,11,11,0.4,0.4,318.74883699403233,140.0,458.74883699403233,0.6859617369516923,0.5480307024689337,0.025761189187167296,0.4762932376818009,1.0,2.0,4,2,2,0.9063099390302459,0.8977166999457484
flat_mlp_pruned,12,12,0.98,0.98,305.04029188594257,140.0,445.04029188594257,0.6994676927232093,0.5615366582404506,0.012377036739100358,0.4770133123838577,1.0,2.0,4,2,2,0.8079913843437422,0.7730935625994777
flat_mlp_pruned,13,13,0.88,0.88,442.82953667486555,35.0,477.82953667486555,0.5637147421922507,0.5292319835715611,-0.0007545441702985125,0.0782230037517541,1.0,3.0,1,1,0,0.8792424479980933,0.8535123434840336
flat_mlp_pruned,14,14,1.0,1.0,283.39447364541377,105.0,388.39447364541377,0.7207936220242229,0.617345346162154,0.0,0.3705082835573468,1.0,2.0,3,1,2,0.5832879471592268,0.5763133967764889
flat_mlp_pruned,15,15,0.28,0.28,307.98312402300775,140.0,447.98312402300775,0.6965683507162485,0.5586373162334899,0.09976963142716784,0.5996923102694716,1.0,2.0,4,2,2,0.8400212522303042,0.799846582027343
flat_mlp_pruned,16,16,0.2,0.2,421.83522517589586,105.0,526.8352251758959,0.5843987929301518,0.4809505170680829,0.31441252520162605,0.6415860444083786,1.0,3.0,3,2,1,0.7437633869634303,0.7262740919751264
flat_mlp_pruned,17,17,0.5,0.5,453.84320785802845,140.0,593.8432078580284,0.5528638346226321,0.41493280013987344,0.055615197524720814,0.3812477620197512,1.0,3.0,4,2,2,0.9685844414382238,0.920261865806233
flat_mlp_pruned,18,18,0.58,0.58,426.8271050809681,70.0,496.8271050809681,0.5794806846492926,0.5105151674079133,0.03332320534778694,0.2027890698940972,1.0,3.0,2,1,1,0.855317192337411,0.756527909581625
flat_mlp_pruned,19,19,0.0,0.0,327.4596279641204,105.0,432.4596279641204,0.67737967688264,0.573931401020571,0.0037784882420707697,0.3256402759704979,1.0,2.0,3,1,2,0.9854459614073984,0.9769057087647304
agg_gcn,0,0,0.34,0.64,446.80754949467064,0.0,446.80754949467064,0.5597955177392407,0.5597955177392407,0.4306691568746907,0.4306691568746907,1.0,3.0,0,0,0,0.9173715646097119,0.8776215120889126
agg_gcn,1,1,0.26,0.72,554.0329507324244,105.0,659.0329507324244,0.45415472834243903,0.35070645248037,0.30046201618655466,0.5469248150491004,1.0,4.0,3,2,1,0.885101805543953,0.7728770487837471
agg_gcn,2,2,0.12,0.6,669.8510822767113,175.0,844.8510822767113,0.3400481948012697,0.1676344016978214,0.5715976963401508,0.9821808903311898,1.0,5.0,5,3,2,0.8334857002066762,0.7412766628244045
agg_gcn,3,3,0.5,0.44,554.9799609917727,175.0,729.9799609917727,0.4532217133085983,0.28080792020515005,0.2527961275426948,0.6478361969682316,1.0,4.0,5,2,3,0.8581748409596096,0.7771816408716938
agg_gcn,4,4,0.0,0.12,580.4914694796998,210.0,790.4914694796998,0.42808722218748785,0.22119067046334992,0.3074119287638907,0.7803844347793618,1.0,4.0,6,3,3,0.9706261476337952,0.8931430430895445
agg_gcn,5,5,0.2,0.48,671.8798388712818,35.0,706.8798388712818,0.3380494198312495,0.3035666612105598,1.0649783212151578,1.1725485102000617,1.0,5.0,1,1,0,0.8546020256141406,0.7486539595319337
agg_gcn,6,6,0.38,0.32,425.05955536964757,210.0,635.0595553696476,0.5812221129363078,0.37432556121216987,0.33230698093129374,0.990531134373182,1.0,3.0,6,2,4,0.7917972315661873,0.7458154870887731
agg_gcn,7,7,0.0,0.36,412.2078088759282,140.0,552.2078088759282,0.5938839321419427,0.455952897659184,0.3100515996412868,0.7549903417042362,1.0,3.0,4,2,2,0.6771789992000752,0.6679261143995651
agg_gcn,8,8,0.0,0.4,554.4535539852574,105.0,659.4535539852574,0.4537403409012243,0.3502920650391553,0.2802801984889994,0.5227340882244041,1.0,4.0,3,2,1,0.880529458457904,0.7747888817511697
agg_gcn,9,9,0.4,1.0,323.01868800621617,140.0,463.01868800621617,0.6817549871859939,0.5438239527032354,0.0,0.43341145635916223,1.0,2.0,4,1,3,0.9366884027056337,0.9365335273292379
agg_gcn,10,10,0.32,0.24,412.657658652054,105.0,517.657658652054,0.593440730392065,0.48999245452999607,0.3110166472605121,0.6446024782178472,1.0,3.0,3,2,1,0.7114617312863822,0.6706524766791152
agg_gcn,11,11,0.0,0.18,446.48309304154145,70.0,516.4830930415415,0.5601151792694173,0.491149662028038,0.4368210180444696,0.6620870422917864,1.0,3.0,2,1,1,0.9226107489879638,0.8756551093426754
agg_gcn,12,12,0.5,0.98,305.04029188594257,105.0,410.04029188594257,0.6994676927232093,0.5960194168611403,0.012377036739100358,0.36085424347266837,1.0,2.0,3,1,2,0.8079913843437422,0.7730935625994777
agg_gcn,13,13,0.5,0.74,554.2073819595422,70.0,624.2073819595422,0.4539828749167072,0.38501735767532785,0.25056971621328755,0.4085248120573928,1.0,4.0,2,2,0,0.7958083339413993,0.7736699179979192
agg_gcn,14,14,0.78,1.0,283.39447364541377,140.0,423.39447364541377,0.7207936220242229,0.5828625875414642,0.0,0.494011044743129,1.0,2.0,4,1,3,0.5832879471592268,0.5763133967764889
agg_gcn,15,15,0.42,0.4,321.0830669600739,140.0,461.0830669600739,0.6836620029950011,0.5457309685122425,0.14654790689702085,0.6464705857393246,1.0,2.0,4,2,2,0.956007419123537,0.9189369723643084
agg_gcn,16,16,0.24,0.34,428.6963169299506,105.0,533.6963169299506,0.5776390966207383,0.4741908207586693,0.3357912636280502,0.6629647828348026,1.0,3.0,3,2,1,0.8338112682300814,0.7678564662421246
agg_gcn,17,17,0.32,0.5,442.82687057832294,140.0,582.826870578323,0.5637173688883518,0.4257863344055931,0.029991782098058587,0.35562434659308906,1.0,3.0,4,2,2,0.8807690477974165,0.8534961853231694
agg_gcn,18,18,0.54,0.58,426.8271050809681,70.0,496.8271050809681,0.5794806846492926,0.5105151674079133,0.03332320534778694,0.2027890698940972,1.0,3.0,2,1,1,0.855317192337411,0.756527909581625
agg_gcn,19,19,0.0,0.0,327.4596279641204,105.0,432.4596279641204,0.67737967688264,0.573931401020571,0.0037784882420707697,0.3256402759704979,1.0,2.0,3,1,2,0.9854459614073984,0.9769057087647304
agg_gcn_pruned,0,0,0.64,0.64,446.80754949467064,0.0,446.80754949467064,0.5597955177392407,0.5597955177392407,0.4306691568746907,0.4306691568746907,1.0,3.0,0,0,0,0.9173715646097119,0.8776215120889126
agg_gcn_pruned,1,1,0.52,0.52,441.55357271262267,70.0,511.55357271262267,0.5649718495442141,0.4960063323028348,0.036443136938186585,0.20075166951321707,1.0,3.0,2,1,1,0.898345711606797,0.8457792285613497
agg_gcn_pruned,2,2,0.54,0.54,443.78078250476733,70.0,513.7807825047673,0.5627775541824952,0.4938120369411159,0.041193892072285625,0.20542716966870123,1.0,3.0,2,1,1,0.8878262476634868,0.8592774697258626
agg_gcn_pruned,3,3,0.44,0.44,554.9799609917727,175.0,729.9799609917727,0.4532217133085983,0.28080792020515005,0.2527961275426948,0.6478361969682316,1.0,4.0,5,3,2,0.8581748409596096,0.7771816408716938
agg_gcn_pruned,4,4,0.28,0.28,443.89103510047096,175.0,618.891035100471,0.5626689309354966,0.3902551378320483,-0.0002464034796608287,0.3938973515332318,1.0,3.0,5,2,3,0.8727784449818603,0.8599456672755815
agg_gcn_pruned,5,5,0.56,0.56,560.9332443708583,175.0,735.9332443708583,0.4473564094868391,0.2749426163833908,0.7239912887110994,1.2618422336356188,1.0,4.0,5,3,2,0.8486435721837065,0.804242019867538
agg_gcn_pruned,6,6,0.32,0.32,425.05955536964757,105.0,530.0595553696476,0.5812221129363078,0.47777383707423887,0.33230698093129374,0.6614190576522379,1.0,3.0,3,1,2,0.7917972315661873,0.7458154870887731
agg_gcn_pruned,7,7,0.36,0.36,411.8220992788447,140.0,551.8220992788447,0.5942639415971973,0.45633290711443875,0.30882576290608715,0.7537645049690366,1.0,3.0,4,2,2,0.6771789992000752,0.6655884804778468
agg_gcn_pruned,8,8,0.54,0.54,461.3784320807845,70.0,531.3784320807845,0.5454399683933158,0.4764744511519365,0.0653618618857952,0.2269977883760651,1.0,3.0,2,1,1,0.981257668580842,0.9659298913986939
agg_gcn_pruned,9,9,1.0,1.0,323.01868800621617,105.0,428.01868800621617,0.6817549871859939,0.578306711323925,0.0,0.32505859226937167,1.0,2.0,3,1,2,0.9366884027056337,0.9365335273292379
agg_gcn_pruned,10,10,0.42,0.42,319.69386225246876,70.0,389.69386225246876,0.6850306775837747,0.6160651603423953,0.015669930394758183,0.2380604843663149,1.0,2.0,2,1,1,0.9140549377477754,0.9063078386588068
agg_gcn_pruned,11,11,0.4,0.4,318.74883699403233,140.0,458.74883699403233,0.6859617369516923,0.5480307024689337,0.025761189187167296,0.4762932376818009,1.0,2.0,4,2,2,0.9063099390302459,0.8977166999457484
agg_gcn_pruned,12,12,0.98,0.98,305.04029188594257,140.0,445.04029188594257,0.6994676927232093,0.5615366582404506,0.012377036739100358,0.4770133123838577,1.0,2.0,4,2,2,0.8079913843437422,0.7730935625994777
agg_gcn_pruned,13,13,0.54,0.54,444.72460793769625,35.0,479.72460793769625,0.5618476769086737,0.527364918287984,0.0035216867290133783,0.082499234651066,1.0,3.0,1,1,0,0.8860496114254456,0.8649976238648258
agg_gcn_pruned,14,14,1.0,1.0,283.39447364541377,175.0,458.39447364541377,0.7207936220242229,0.5483798289207746,0.0,0.6175138059289113,1.0,2.0,5,2,3,0.5832879471592268,0.5763133967764889
agg_gcn_pruned,15,15,1.0,1.0,280.04330654533436,140.0,420.04330654533436,0.7240952644873553,0.5861642300045966,0.0,0.49992267884230374,1.0,2.0,4,2,2,0.5702888061635912,0.5458482413212213
agg_gcn_pruned,16,16,0.2,0.2,421.83522517589586,35.0,456.83522517589586,0.5843987929301518,0.5499160343094622,0.31441252520162605,0.42347036493721024,1.0,3.0,1,1,0,0.7437633869634303,0.7262740919751264
agg_gcn_pruned,17,17,0.5,0.5,441.70250965451413,140.0,581.7025096545142,0.5648251136408727,0.4268940791581141,0.02737657830493099,0.3530091427999615,1.0,3.0,4,2,2,0.876846538543562,0.8466818766940251
agg_gcn_pruned,18,18,0.56,0.56,418.0295884017791,140.0,558.0295884017792,0.58814818876672,0.4502171542839614,0.01202493720636764,0.3509566662989883,1.0,3.0,4,2,2,0.7578543176502581,0.7032096266774491
agg_gcn_pruned,19,19,0.0,0.0,327.4596279641204,105.0,432.4596279641204,0.67737967688264,0.573931401020571,0.0037784882420707697,0.3256402759704979,1.0,2.0,3,1,2,0.9854459614073984,0.9769057087647304
ml_gcn,0,0,0.22,0.64,446.11785223141277,0.0,446.11785223141277,0.5604750224321056,0.5604750224321056,0.4284607595384329,0.4284607595384329,1.0,3.0,0,0,0,0.9020589474993473,0.873441528675229
ml_gcn,1,1,0.26,0.52,441.55357271262267,70.0,511.55357271262267,0.5649718495442141,0.4960063323028348,0.036443136938186585,0.20075166951321707,1.0,3.0,2,1,1,0.898345711606797,0.8457792285613497
ml_gcn,2,2,0.32,0.42,571.3764736446117,105.0,676.3764736446117,0.4370675136506289,0.3336192377885599,0.34055758583052226,0.5869075022251456,1.0,4.0,3,2,1,0.8878704855917975,0.8517112438391438
ml_gcn,3,3,0.58,0.44,554.4732731883001,210.0,764.4732731883001,0.45372091311497526,0.2468243613908373,0.25165234477091836,0.7257004280815625,1.0,4.0,6,3,3,0.8317741911878035,0.7748785144922735
ml_gcn,4,4,0.0,0.12,580.4914694796998,210.0,790.4914694796998,0.42808722218748785,0.22119067046334992,0.3074119287638907,0.7803844347793618,1.0,4.0,6,3,3,0.9706261476337952,0.8931430430895445
ml_gcn,5,5,0.36,0.74,455.55413422799484,105.0,560.5541342279948,0.5511781928788229,0.44772991701675385,0.4001155517645616,0.7228261187192732,1.0,3.0,3,1,2,0.953017388086396,0.9306311165333022
ml_gcn,6,6,0.0,0.3,425.9050893520431,140.0,565.9050893520431,0.5803890745300068,0.4424580400472482,0.3349572232635254,0.7737733255581175,1.0,3.0,4,2,2,0.7917972315661873,0.7509399354669277
ml_gcn,7,7,0.0,0.36,412.2078088759282,140.0,552.2078088759282,0.5938839321419427,0.455952897659184,0.3100515996412868,0.7549903417042362,1.0,3.0,4,2,2,0.6771789992000752,0.6679261143995651
ml_gcn,8,8,0.3,0.54,461.3784320807845,70.0,531.3784320807845,0.5454399683933158,0.4764744511519365,0.0653618618857952,0.2269977883760651,1.0,3.0,2,1,1,0.981257668580842,0.9659298913986939
ml_gcn,9,9,0.86,1.0,323.01868800621617,105.0,428.01868800621617,0.6817549871859939,0.578306711323925,0.0,0.32505859226937167,1.0,2.0,3,1,2,0.9366884027056337,0.9365335273292379
ml_gcn,10,10,0.42,0.4,319.7574522320626,70.0,389.7574522320626,0.6849680273575738,0.6160025101161944,0.01587195626317116,0.2382625102347279,1.0,2.0,2,1,1,0.9281395463128453,0.9068859293823869
ml_gcn,11,11,0.0,0.18,438.4238806087085,35.0,473.4238806087085,0.5680552900406813,0.5335725314199916,0.41088577885434346,0.5235187909780019,1.0,3.0,1,1,0,0.8821859726105282,0.8268113976285365
ml_gcn,12,12,0.84,0.98,305.04029188594257,105.0,410.04029188594257,0.6994676927232093,0.5960194168611403,0.012377036739100358,0.36085424347266837,1.0,2.0,3,1,2,0.8079913843437422,0.7730935625994777
ml_gcn,13,13,0.64,0.54,444.72460793769625,35.0,479.72460793769625,0.5618476769086737,0.527364918287984,0.0035216867290133783,0.082499234651066,1.0,3.0,1,1,0,0.8860496114254456,0.8649976238648258
ml_gcn,14,14,0.86,1.0,283.39447364541377,175.0,458.39447364541377,0.7207936220242229,0.5483798289207746,0.0,0.6175138059289113,1.0,2.0,5,2,3,0.5832879471592268,0.5763133967764889
ml_gcn,15,15,0.4,0.4,321.0830669600739,140.0,461.0830669600739,0.6836620029950011,0.5457309685122425,0.14654790689702085,0.6464705857393246,1.0,2.0,4,2,2,0.956007419123537,0.9189369723643084
ml_gcn,16,16,0.18,0.2,430.6896501969294,105.0,535.6896501969294,0.5756752214808577,0.47222694561878875,0.34200236705575815,0.6691758862625107,1.0,3.0,3,2,1,0.8226923558863813,0.7799372739207843
ml_gcn,17,17,0.22,0.2,561.0850613698993,105.0,666.0850613698993,0.44720683608876916,0.34375856022670015,0.30505405309808437,0.5492784764693571,1.0,4.0,3,2,1,0.872760396780233,0.8049320971359059
ml_gcn,18,18,0.58,0.58,426.8271050809681,35.0,461.8271050809681,0.5794806846492926,0.5449979260286029,0.03332320534778694,0.11805613762094208,1.0,3.0,1,0,1,0.855317192337411,0.756527909581625
ml_gcn,19,19,0.4,0.2,416.32905409012227,140.0,556.3290540901223,0.5898235920294361,0.4518925575466775,0.2761944155498265,0.7053434658543962,1.0,3.0,4,2,2,0.7316034469764126,0.6929033581219531
ml_gcn_pruned,0,0,0.64,0.64,446.11785223141277,0.0,446.11785223141277,0.5604750224321056,0.5604750224321056,0.4284607595384329,0.4284607595384329,1.0,3.0,0,0,0,0.9020589474993473,0.873441528675229
ml_gcn_pruned,1,1,0.52,0.52,441.55357271262267,70.0,511.55357271262267,0.5649718495442141,0.4960063323028348,0.036443136938186585,0.20075166951321707,1.0,3.0,2,1,1,0.898345711606797,0.8457792285613497
ml_gcn_pruned,2,2,0.54,0.54,443.78078250476733,70.0,513.7807825047673,0.5627775541824952,0.4938120369411159,0.041193892072285625,0.20542716966870123,1.0,3.0,2,1,1,0.8878262476634868,0.8592774697258626
ml_gcn_pruned,3,3,0.44,0.44,554.4732731883001,175.0,729.4732731883001,0.45372091311497526,0.28130712001152697,0.25165234477091836,0.6466924141964552,1.0,4.0,5,3,2,0.8317741911878035,0.7748785144922735
ml_gcn_pruned,4,4,0.28,0.28,443.22774596288923,175.0,618.2277459628892,0.5633224177705525,0.3909086246671042,-0.00174029645877926,0.3924034585541134,1.0,3.0,5,2,3,0.9196144455210999,0.8559257331084197
ml_gcn_pruned,5,5,1.0,1.0,325.36895519363475,175.0,500.36895519363475,0.6794394530111973,0.5070256599077491,0.0,0.5378509449245192,1.0,2.0,5,2,3,0.9579603291721179,0.9578995926694068
ml_gcn_pruned,6,6,0.32,0.32,425.05955536964757,175.0,600.0595553696476,0.5812221129363078,0.40880831983285953,0.33230698093129374,0.880827108799534,1.0,3.0,5,3,2,0.7917972315661873,0.7458154870887731
ml_gcn_pruned,7,7,0.36,0.36,411.87687129266476,140.0,551.8768712926648,0.5942099790220051,0.45627894453924656,0.3089998356984397,0.7539385777613891,1.0,3.0,4,2,2,0.7086331588830864,0.665920432076756
ml_gcn_pruned,8,8,0.54,0.54,461.3784320807845,70.0,531.3784320807845,0.5454399683933158,0.4764744511519365,0.0653618618857952,0.2269977883760651,1.0,3.0,2,1,1,0.981257668580842,0.9659298913986939
ml_gcn_pruned,9,9,1.0,1.0,323.01868800621617,105.0,428.01868800621617,0.6817549871859939,0.578306711323925,0.0,0.32505859226937167,1.0,2.0,3,1,2,0.9366884027056337,0.9365335273292379
ml_gcn_pruned,10,10,0.4,0.4,319.7574522320626,70.0,389.7574522320626,0.6849680273575738,0.6160025101161944,0.01587195626317116,0.2382625102347279,1.0,2.0,2,1,1,0.9281395463128453,0.9068859293823869
ml_gcn_pruned,11,11,0.4,0.4,318.74883699403233,140.0,458.74883699403233,0.6859617369516923,0.5480307024689337,0.025761189187167296,0.4762932376818009,1.0,2.0,4,2,2,0.9063099390302459,0.8977166999457484
ml_gcn_pruned,12,12,0.98,0.98,305.04029188594257,140.0,445.04029188594257,0.6994676927232093,0.5615366582404506,0.012377036739100358,0.4770133123838577,1.0,2.0,4,2,2,0.8079913843437422,0.7730935625994777
ml_gcn_pruned,13,13,0.88,0.88,442.82953667486555,35.0,477.82953667486555,0.5637147421922507,0.5292319835715611,-0.0007545441702985125,0.0782230037517541,1.0,3.0,1,1,0,0.8792424479980933,0.8535123434840336
ml_gcn_pruned,14,14,1.0,1.0,283.39447364541377,105.0,388.39447364541377,0.7207936220242229,0.617345346162154,0.0,0.3705082835573468,1.0,2.0,3,1,2,0.5832879471592268,0.5763133967764889
ml_gcn_pruned,15,15,1.0,1.0,280.04330654533436,140.0,420.04330654533436,0.7240952644873553,0.5861642300045966,0.0,0.49992267884230374,1.0,2.0,4,2,2,0.5702888061635912,0.5458482413212213
ml_gcn_pruned,16,16,0.34,0.34,428.6963169299506,35.0,463.6963169299506,0.5776390966207383,0.5431563380000487,0.3357912636280502,0.4448491033636343,1.0,3.0,1,1,0,0.8338112682300814,0.7678564662421246
ml_gcn_pruned,17,17,0.5,0.5,442.82687057832294,140.0,582.826870578323,0.5637173688883518,0.4257863344055931,0.029991782098058587,0.35562434659308906,1.0,3.0,4,2,2,0.8807690477974165,0.8534961853231694
ml_gcn_pruned,18,18,0.98,0.98,409.5887304439972,140.0,549.5887304439972,0.5964643049812836,0.45853327049852494,-0.008409881241176899,0.3305218478514437,1.0,3.0,4,2,2,0.700130336133379,0.6520529117818012
ml_gcn_pruned,19,19,0.2,0.2,416.32905409012227,140.0,556.3290540901223,0.5898235920294361,0.4518925575466775,0.2761944155498265,0.7053434658543962,1.0,3.0,4,2,2,0.7316034469764126,0.6929033581219531
attn_ml_gcn,0,0,0.22,0.64,446.11785223141277,0.0,446.11785223141277,0.5604750224321056,0.5604750224321056,0.4284607595384329,0.4284607595384329,1.0,3.0,0,0,0,0.9020589474993473,0.873441528675229
attn_ml_gcn,1,1,0.0,0.38,536.7637504113475,105.0,641.7637504113475,0.4711687188065542,0.36772044294448525,0.25992663099369184,0.5063894298562376,1.0,4.0,3,2,1,0.7449183642529066,0.6943806836879433
attn_ml_gcn,2,2,0.32,0.42,571.3764736446117,70.0,641.3764736446117,0.4370675136506289,0.36810199640924957,0.34055758583052226,0.5047908634269379,1.0,4.0,2,1,1,0.8878704855917975,0.8517112438391438
attn_ml_gcn,3,3,0.58,0.44,554.4732731883001,210.0,764.4732731883001,0.45372091311497526,0.2468243613908373,0.25165234477091836,0.7257004280815625,1.0,4.0,6,3,3,0.8317741911878035,0.7748785144922735
attn_ml_gcn,4,4,0.0,0.12,580.4914694796998,210.0,790.4914694796998,0.42808722218748785,0.22119067046334992,0.3074119287638907,0.7803844347793618,1.0,4.0,6,3,3,0.9706261476337952,0.8931430430895445
attn_ml_gcn,5,5,0.36,0.74,455.55413422799484,105.0,560.5541342279948,0.5511781928788229,0.44772991701675385,0.4001155517645616,0.7228261187192732,1.0,3.0,3,1,2,0.953017388086396,0.9306311165333022
attn_ml_gcn,6,6,0.0,0.3,425.9050893520431,140.0,565.9050893520431,0.5803890745300068,0.4424580400472482,0.3349572232635254,0.7737733255581175,1.0,3.0,4,2,2,0.7917972315661873,0.7509399354669277
attn_ml_gcn,7,7,0.0,0.36,412.2078088759282,140.0,552.2078088759282,0.5938839321419427,0.455952897659184,0.3100515996412868,0.7549903417042362,1.0,3.0,4,2,2,0.6771789992000752,0.6679261143995651
attn_ml_gcn,8,8,0.3,0.52,447.9323233643613,70.0,517.9323233643613,0.5586873661434864,0.48972184890210707,0.03431365845625302,0.19594958494652293,1.0,3.0,2,1,1,0.9737358614896128,0.8844383234203717
attn_ml_gcn,9,9,0.86,1.0,323.01868800621617,105.0,428.01868800621617,0.6817549871859939,0.578306711323925,0.0,0.32505859226937167,1.0,2.0,3,1,2,0.9366884027056337,0.9365335273292379
attn_ml_gcn,10,10,0.42,0.4,319.7574522320626,70.0,389.7574522320626,0.6849680273575738,0.6160025101161944,0.01587195626317116,0.2382625102347279,1.0,2.0,2,1,1,0.9281395463128453,0.9068859293823869
attn_ml_gcn,11,11,0.0,0.18,438.4238806087085,35.0,473.4238806087085,0.5680552900406813,0.5335725314199916,0.41088577885434346,0.5235187909780019,1.0,3.0,1,1,0,0.8821859726105282,0.8268113976285365
attn_ml_gcn,12,12,0.86,0.98,305.04029188594257,105.0,410.04029188594257,0.6994676927232093,0.5960194168611403,0.012377036739100358,0.36085424347266837,1.0,2.0,3,1,2,0.8079913843437422,0.7730935625994777
attn_ml_gcn,13,13,0.64,0.54,444.72460793769625,35.0,479.72460793769625,0.5618476769086737,0.527364918287984,0.0035216867290133783,0.082499234651066,1.0,3.0,1,1,0,0.8860496114254456,0.8649976238648258
attn_ml_gcn,14,14,0.86,1.0,283.39447364541377,175.0,458.39447364541377,0.7207936220242229,0.5483798289207746,0.0,0.6175138059289113,1.0,2.0,5,2,3,0.5832879471592268,0.5763133967764889
attn_ml_gcn,15,15,0.4,0.4,321.0830669600739,140.0,461.0830669600739,0.6836620029950011,0.5457309685122425,0.14654790689702085,0.6464705857393246,1.0,2.0,4,2,2,0.956007419123537,0.9189369723643084
attn_ml_gcn,16,16,0.18,0.2,430.6896501969294,105.0,535.6896501969294,0.5756752214808577,0.47222694561878875,0.34200236705575815,0.6691758862625107,1.0,3.0,3,2,1,0.8226923558863813,0.7799372739207843
attn_ml_gcn,17,17,0.22,0.2,561.0850613698993,105.0,666.0850613698993,0.44720683608876916,0.34375856022670015,0.30505405309808437,0.5492784764693571,1.0,4.0,3,2,1,0.872760396780233,0.8049320971359059
attn_ml_gcn,18,18,0.58,0.58,426.8271050809681,35.0,461.8271050809681,0.5794806846492926,0.5449979260286029,0.03332320534778694,0.11805613762094208,1.0,3.0,1,0,1,0.855317192337411,0.756527909581625
attn_ml_gcn,19,19,0.4,0.2,416.32905409012227,140.0,556.3290540901223,0.5898235920294361,0.4518925575466775,0.2761944155498265,0.7053434658543962,1.0,3.0,4,2,2,0.7316034469764126,0.6929033581219531
attn_ml_gcn_pruned,0,0,0.0,0.0,323.6573298068298,0.0,323.6573298068298,0.681125783441547,0.681125783441547,0.03634452836516799,0.03634452836516799,1.0,2.0,0,0,0,0.981026114873832,0.9423393618802707
attn_ml_gcn_pruned,1,1,0.52,0.52,441.55357271262267,105.0,546.5535727126227,0.5649718495442141,0.46152357368214514,0.036443136938186585,0.2829059358007323,1.0,3.0,3,2,1,0.898345711606797,0.8457792285613497
attn_ml_gcn_pruned,2,2,0.54,0.54,443.78078250476733,70.0,513.7807825047673,0.5627775541824952,0.4938120369411159,0.041193892072285625,0.20542716966870123,1.0,3.0,2,1,1,0.8878262476634868,0.8592774697258626
attn_ml_gcn_pruned,3,3,0.44,0.44,554.4732731883001,175.0,729.4732731883001,0.45372091311497526,0.28130712001152697,0.25165234477091836,0.6466924141964552,1.0,4.0,5,3,2,0.8317741911878035,0.7748785144922735
attn_ml_gcn_pruned,4,4,0.28,0.28,443.22774596288923,175.0,618.2277459628892,0.5633224177705525,0.3909086246671042,-0.00174029645877926,0.3924034585541134,1.0,3.0,5,2,3,0.9196144455210999,0.8559257331084197
attn_ml_gcn_pruned,5,5,1.0,1.0,325.36895519363475,175.0,500.36895519363475,0.6794394530111973,0.5070256599077491,0.0,0.5378509449245192,1.0,2.0,5,2,3,0.9579603291721179,0.9578995926694068
attn_ml_gcn_pruned,6,6,0.32,0.32,425.05955536964757,175.0,600.0595553696476,0.5812221129363078,0.40880831983285953,0.33230698093129374,0.880827108799534,1.0,3.0,5,3,2,0.7917972315661873,0.7458154870887731
attn_ml_gcn_pruned,7,7,0.36,0.36,411.87687129266476,140.0,551.8768712926648,0.5942099790220051,0.45627894453924656,0.3089998356984397,0.7539385777613891,1.0,3.0,4,2,2,0.7086331588830864,0.665920432076756
attn_ml_gcn_pruned,8,8,0.52,0.52,447.9323233643613,70.0,517.9323233643613,0.5586873661434864,0.48972184890210707,0.03431365845625302,0.19594958494652293,1.0,3.0,2,1,1,0.9737358614896128,0.8844383234203717
attn_ml_gcn_pruned,9,9,1.0,1.0,323.01868800621617,105.0,428.01868800621617,0.6817549871859939,0.578306711323925,0.0,0.32505859226937167,1.0,2.0,3,1,2,0.9366884027056337,0.9365335273292379
attn_ml_gcn_pruned,10,10,0.4,0.4,319.7574522320626,70.0,389.7574522320626,0.6849680273575738,0.6160025101161944,0.01587195626317116,0.2382625102347279,1.0,2.0,2,1,1,0.9281395463128453,0.9068859293823869
attn_ml_gcn_pruned,11,11,0.4,0.4,318.74883699403233,140.0,458.74883699403233,0.6859617369516923,0.5480307024689337,0.025761189187167296,0.4762932376818009,1.0,2.0,4,2,2,0.9063099390302459,0.8977166999457484
attn_ml_gcn_pruned,12,12,0.98,0.98,305.04029188594257,140.0,445.04029188594257,0.6994676927232093,0.5615366582404506,0.012377036739100358,0.4770133123838577,1.0,2.0,4,2,2,0.8079913843437422,0.7730935625994777
attn_ml_gcn_pruned,13,13,0.88,0.88,442.82953667486555,35.0,477.82953667486555,0.5637147421922507,0.5292319835715611,-0.0007545441702985125,0.0782230037517541,1.0,3.0,1,1,0,0.8792424479980933,0.8535123434840336
attn_ml_gcn_pruned,14,14,1.0,1.0,283.39447364541377,105.0,388.39447364541377,0.7207936220242229,0.617345346162154,0.0,0.3705082835573468,1.0,2.0,3,1,2,0.5832879471592268,0.5763133967764889
attn_ml_gcn_pruned,15,15,1.0,1.0,280.04330654533436,140.0,420.04330654533436,0.7240952644873553,0.5861642300045966,0.0,0.49992267884230374,1.0,2.0,4,2,2,0.5702888061635912,0.5458482413212213
attn_ml_gcn_pruned,16,16,0.34,0.34,428.6963169299506,35.0,463.6963169299506,0.5776390966207383,0.5431563380000487,0.3357912636280502,0.4448491033636343,1.0,3.0,1,1,0,0.8338112682300814,0.7678564662421246
attn_ml_gcn_pruned,17,17,0.5,0.5,442.82687057832294,140.0,582.826870578323,0.5637173688883518,0.4257863344055931,0.029991782098058587,0.35562434659308906,1.0,3.0,4,2,2,0.8807690477974165,0.8534961853231694
attn_ml_gcn_pruned,18,18,0.98,0.98,409.5887304439972,140.0,549.5887304439972,0.5964643049812836,0.45853327049852494,-0.008409881241176899,0.3305218478514437,1.0,3.0,4,2,2,0.700130336133379,0.6520529117818012
attn_ml_gcn_pruned,19,19,0.2,0.2,416.32905409012227,140.0,556.3290540901223,0.5898235920294361,0.4518925575466775,0.2761944155498265,0.7053434658543962,1.0,3.0,4,2,2,0.7316034469764126,0.6929033581219531
