switching_cost_w,policy,energy_w_with_cost_mean,energy_w_with_cost_std,energy_saving_with_cost_vs_all_on_mean,energy_saving_with_cost_vs_all_on_std,energy_gap_with_cost_vs_oracle_mean,energy_gap_with_cost_vs_oracle_std,mean_switch_events,served_ratio
0,agg_gcn,482.1984698122036,25.575544454633647,0.524927615948568,0.02519758074348143,0.25958733527491007,0.02536573801643788,3.1350000000000002,1.0
0,agg_gcn_pruned,424.5642362205819,28.273584149195834,0.5817101120979488,0.027855747930242196,0.10839617093940708,0.028692412244678823,3.12,1.0
0,attn_ml_gcn,484.7304674884823,30.038834702202102,0.5224330369571603,0.029594911036652342,0.2659326813760964,0.03910732653101143,2.8950000000000005,1.0
0,attn_ml_gcn_pruned,421.9157411432314,25.65658719739396,0.5843194668539593,0.02527742581024034,0.10178914298393611,0.02687469129537106,2.935,1.0
0,flat_mlp,484.80039433997564,29.721506281053028,0.5223641435074132,0.029282272198081803,0.2659073620547924,0.02763156918830246,3.035,1.0
0,flat_mlp_pruned,422.39045090079287,25.702911170983658,0.5838517725115341,0.025323065193087357,0.1028096147705821,0.01545246006559457,2.985,1.0
0,greedy_sleep,408.7743802696712,26.382998363142068,0.5972666204239692,0.02599310183560792,0.0672776606324732,0.02614995236753273,3.285,1.0
0,load_aware,840.6924325488492,13.170260886199376,0.17173159354793185,0.012975626488866382,1.2000327614361943,0.09429323721066911,0.0,0.9959
0,load_sleep,408.7743802696712,26.382998363142068,0.5972666204239692,0.02599310183560792,0.0672776606324732,0.02614995236753273,3.285,1.0
0,ml_gcn,482.47697675941515,30.47223372164607,0.5246532248675713,0.030021905144478896,0.2600552376323003,0.042189802451951156,2.9200000000000004,1.0
0,ml_gcn_pruned,421.86554374704485,24.49749693377694,0.5843689224167046,0.02413546495938613,0.10180873942762196,0.026049724127169886,2.8899999999999997,1.0
0,oracle,382.8791708355397,20.073083864827876,0.622779142033951,0.019776437305249153,0.0,0.0,2.965,1.0
0,rsrp,832.9797520964296,12.125786113336211,0.17933029350105456,0.011946587303779515,1.1799003093615987,0.0938587741830522,0.0,0.9954000000000001
0,rsrp_sleep,438.6217612191716,38.86731841253234,0.5678603337742151,0.03829292454436683,0.14430684673773594,0.05607956817075813,3.3099999999999996,0.9968
0,sinr,832.9797520964296,12.125786113336211,0.17933029350105456,0.011946587303779515,1.1799003093615987,0.0938587741830522,0.0,0.9954000000000001
0,sinr_sleep,438.6217612191716,38.86731841253234,0.5678603337742151,0.03829292454436683,0.14430684673773594,0.05607956817075813,3.3099999999999996,0.9968
10,agg_gcn,513.5484698122036,26.187990338862523,0.4940409164411787,0.025800975703312835,0.2448341013254857,0.021218611024249347,3.1350000000000002,1.0
10,agg_gcn_pruned,455.7642362205819,27.60913892986839,0.5509711958417912,0.02720112209839247,0.10437490068800159,0.024726492943021653,3.12,1.0
10,attn_ml_gcn,513.6804674884822,29.224386140939448,0.4939108694694756,0.028792498661024075,0.24498246931661774,0.030854267830797387,2.8950000000000005,1.0
10,attn_ml_gcn_pruned,451.26574114323137,25.782257079351908,0.5554032106963238,0.025401238501824536,0.09362530762149184,0.02279673284015181,2.935,1.0
10,flat_mlp,515.1503943399756,28.012097987502585,0.4924626656749009,0.027598126096061677,0.24860247984457629,0.025208767727288653,3.035,1.0
10,flat_mlp_pruned,452.2404509007929,25.96881713526231,0.5544429055164601,0.025585041512573722,0.09584597122831456,0.016149895344758646,2.985,1.0
10,greedy_sleep,441.6243802696712,26.080626462158808,0.5649020884042648,0.02569519848488552,0.07033015774756826,0.029810341105677436,3.285,1.0
10,load_aware,840.6924325488492,13.170260886199376,0.17173159354793185,0.012975626488866382,1.0410782022145073,0.07735004542351046,0.0,0.9959
10,load_sleep,441.6243802696712,26.080626462158808,0.5649020884042648,0.02569519848488552,0.07033015774756826,0.029810341105677436,3.285,1.0
10,ml_gcn,511.6769767594152,29.50963833839695,0.4958847519611673,0.029073535308765473,0.2401445188207802,0.033709520777115067,2.9200000000000004,1.0
10,ml_gcn_pruned,450.76554374704483,24.363846155911617,0.5558960160127637,0.024003789316169085,0.09253948927876063,0.020407619060296502,2.8899999999999997,1.0
10,oracle,412.5291708355397,19.61982311530273,0.5935673193738525,0.01932987499044606,0.0,0.0,2.965,1.0
10,rsrp,832.9797520964296,12.125786113336211,0.17933029350105456,0.011946587303779515,1.0223913190136966,0.07680224048011422,0.0,0.9954000000000001
10,rsrp_sleep,471.72176121917164,40.03186222282439,0.5352494963357914,0.03944025834761023,0.14233866310831486,0.05712599597910337,3.3099999999999996,0.9968
10,sinr,832.9797520964296,12.125786113336211,0.17933029350105456,0.011946587303779515,1.0223913190136966,0.07680224048011422,0.0,0.9954000000000001
10,sinr_sleep,471.72176121917164,40.03186222282439,0.5352494963357914,0.03944025834761023,0.14233866310831486,0.05712599597910337,3.3099999999999996,0.9968
20,agg_gcn,544.8984698122035,27.385456027347292,0.46315421693378955,0.02698074485452935,0.23228999258571142,0.029480113594632106,3.1350000000000002,1.0
20,agg_gcn_pruned,486.96423622058194,26.96788604227672,0.5202322795856336,0.026569345854459792,0.10099087299583805,0.024109790974554138,3.12,1.0
20,attn_ml_gcn,542.6304674884824,29.125458705532697,0.46538870198179094,0.028695033207421384,0.2270300525026751,0.0321729914527858,2.8950000000000005,1.0
20,attn_ml_gcn_pruned,480.6157411432314,26.37075788391151,0.5264869545386883,0.025981042250159115,0.08673287015783915,0.02761813689750217,2.935,1.0
20,flat_mlp,545.5003943399756,26.608135734466128,0.4625611878423886,0.026214912053661218,0.2337362186615266,0.028820145538618863,3.035,1.0
20,flat_mlp_pruned,482.0904509007928,26.45987225406551,0.5250340385213864,0.026068839659177848,0.08996460405998982,0.02362805406895742,2.985,1.0
20,greedy_sleep,474.4743802696712,26.119532827602484,0.5325375563845605,0.025733529879411316,0.0730878400983373,0.036422298071043,3.285,1.0
20,load_aware,840.6924325488492,13.170260886199376,0.17173159354793185,0.012975626488866382,0.9037780478499364,0.06666562750460966,0.0,0.9959
20,load_sleep,474.4743802696712,26.119532827602484,0.5325375563845605,0.025733529879411316,0.0730878400983373,0.036422298071043,3.285,1.0
20,ml_gcn,540.8769767594151,29.28011144418331,0.46711627905476333,0.02884740043761904,0.22308528258178423,0.034112584032438976,2.9200000000000004,1.0
20,ml_gcn_pruned,479.6655437470449,24.534329207543344,0.5274231096088228,0.024171752913835807,0.08469459367901068,0.02393911344116458,2.8899999999999997,1.0
20,oracle,442.17917083553965,19.64282736144585,0.564355496713754,0.019352539272360473,0.0,0.0,2.965,1.0
20,rsrp,832.9797520964296,12.125786113336211,0.17933029350105456,0.011946587303779515,0.8863413077970476,0.06598832292222293,0.0,0.9954000000000001
20,rsrp_sleep,504.82176121917166,41.33559659026603,0.5026386588973678,0.04072472570469559,0.14076284687406143,0.0600166750387396,3.3099999999999996,0.9968
20,sinr,832.9797520964296,12.125786113336211,0.17933029350105456,0.011946587303779515,0.8863413077970476,0.06598832292222293,0.0,0.9954000000000001
20,sinr_sleep,504.82176121917166,41.33559659026603,0.5026386588973678,0.04072472570469559,0.14076284687406143,0.0600166750387396,3.3099999999999996,0.9968
25,agg_gcn,560.5734698122035,28.181698560315336,0.44771086718009495,0.0277652202564683,0.22669708044983433,0.03509720833462888,3.1350000000000002,1.0
25,agg_gcn_pruned,502.5642362205819,26.656482141487626,0.5048628214575548,0.02626254398176118,0.09949292905772354,0.02477028072874906,3.12,1.0
25,attn_ml_gcn,557.1054674884824,29.34862111276841,0.45112761823794856,0.028914897648047697,0.21898283967496632,0.03528437624184342,2.8950000000000005,1.0
25,attn_ml_gcn_pruned,495.2907411432314,26.829989445983617,0.5120288264598707,0.026433487138900112,0.08367472113311256,0.03156668824825749,2.935,1.0
25,flat_mlp,560.6753943399756,26.036562703211622,0.44761044892613244,0.02565178591449421,0.2270606475923551,0.031749679916096486,3.035,1.0
25,flat_mlp_pruned,497.01545090079287,26.786183214171913,0.5103296050238495,0.026390328289824554,0.0873543496572293,0.027840075341667048,2.985,1.0
25,greedy_sleep,490.8993802696712,26.26701107921576,0.5163552903747081,0.02587882864947366,0.07436732927604613,0.04005537732779606,3.285,1.0
25,load_aware,840.6924325488492,13.170260886199376,0.17173159354793185,0.012975626488866382,0.8418975806562103,0.06307013892367246,0.0,0.9959
25,load_sleep,490.8993802696712,26.26701107921576,0.5163552903747081,0.02587882864947366,0.07436732927604613,0.04005537732779606,3.285,1.0
25,ml_gcn,555.4769767594152,29.447744879886223,0.4527320426015614,0.02901255653190761,0.2154392005294191,0.03673000672662262,2.9200000000000004,1.0
25,ml_gcn_pruned,494.1155437470449,24.732093820412928,0.5131866564068523,0.02436659489695856,0.08120783008277063,0.027503695409322945,2.8899999999999997,1.0
25,oracle,457.00417083553964,19.833751214939944,0.5497495853837048,0.019540641591073854,0.0,0.0,2.965,1.0
25,rsrp,832.9797520964296,12.125786113336211,0.17933029350105456,0.011946587303779515,0.8250247093600981,0.0623315110237241,0.0,0.9954000000000001
25,rsrp_sleep,521.3717612191716,42.03566725646474,0.486333240178156,0.041414450498980036,0.14009047862675922,0.06186389683818481,3.3099999999999996,0.9968
25,sinr,832.9797520964296,12.125786113336211,0.17933029350105456,0.011946587303779515,0.8250247093600981,0.0623315110237241,0.0,0.9954000000000001
25,sinr_sleep,521.3717612191716,42.03566725646474,0.486333240178156,0.041414450498980036,0.14009047862675922,0.06186389683818481,3.3099999999999996,0.9968
30,agg_gcn,576.2484698122036,29.09579979418313,0.43226751742640035,0.028665812605106533,0.221493933888456,0.04084321543896672,3.1350000000000002,1.0
30,agg_gcn_pruned,518.164236220582,26.35151866710924,0.48949336332947596,0.025962087356757844,0.09810557996081812,0.025873981445674345,3.12,1.0
30,attn_ml_gcn,571.5804674884823,29.749191396491643,0.4368665344941062,0.029309548173883395,0.21147193224115787,0.03920725198737178,2.8950000000000005,1.0
30,attn_ml_gcn_pruned,509.9657411432314,27.392275196042927,0.49757069838105294,0.026987463247332935,0.08083812040131029,0.035836763488198094,2.935,1.0
30,flat_mlp,575.8503943399757,25.560001886182558,0.43265971000987624,0.025182267868160156,0.2208232145456069,0.03497729274065572,3.035,1.0
30,flat_mlp_pruned,511.9404509007929,27.163868862034246,0.4956251715263124,0.026762432376388427,0.08493277670364233,0.03200100768162745,2.985,1.0
30,greedy_sleep,507.3243802696712,26.498214242665362,0.5001730243648559,0.0261066150174043,0.07558610278378207,0.04370995859820394,3.285,1.0
30,load_aware,840.6924325488492,13.170260886199376,0.17173159354793185,0.012975626488866382,0.7839502459017264,0.06036776042259304,0.0,0.9959
30,load_sleep,507.3243802696712,26.498214242665362,0.5001730243648559,0.0261066150174043,0.07558610278378207,0.04370995859820394,3.285,1.0
30,ml_gcn,570.0769767594152,29.80059633546026,0.43834780614835944,0.029360193433950996,0.20830312823846603,0.04023525868159253,2.9200000000000004,1.0
30,ml_gcn_pruned,508.5655437470449,25.002725581143483,0.49895020320488187,0.024633227173540374,0.0779702001918455,0.031471623514358164,2.8899999999999997,1.0
30,oracle,471.8291708355397,20.14046471340244,0.5351436740536555,0.019842822377736408,0.0,0.0,2.965,1.0
30,rsrp,832.9797520964296,12.125786113336211,0.17933029350105456,0.011946587303779515,0.7676056409990969,0.05957388662147144,0.0,0.9954000000000001
30,rsrp_sleep,537.9217612191717,42.76579354950906,0.47002782145894423,0.042133786748284774,0.13948224835459483,0.06386885764525088,3.3099999999999996,0.9968
30,sinr,832.9797520964296,12.125786113336211,0.17933029350105456,0.011946587303779515,0.7676056409990969,0.05957388662147144,0.0,0.9954000000000001
30,sinr_sleep,537.9217612191717,42.76579354950906,0.47002782145894423,0.042133786748284774,0.13948224835459483,0.06386885764525088,3.3099999999999996,0.9968
35,agg_gcn,591.9234698122035,30.11703002591548,0.41682416767270586,0.02967195076444875,0.2166412461033918,0.04649684255263148,3.1350000000000002,1.0
35,agg_gcn_pruned,533.764236220582,26.053221783493452,0.474123905201397,0.025668198801471368,0.0968171828708916,0.02728370138058354,3.12,1.0
35,attn_ml_gcn,586.0554674884823,30.32013897363367,0.4226054507502638,0.029872058102102143,0.2044452066858185,0.043529167094729634,2.8950000000000005,1.0
35,attn_ml_gcn_pruned,524.6407411432314,28.051418709297913,0.48311257030223514,0.02763686572344622,0.07820000597668357,0.040180984943891274,2.935,1.0
35,flat_mlp,591.0253943399756,25.183847687236568,0.4177089710936201,0.02481167259826263,0.2149818439735764,0.038315890807745376,3.035,1.0
35,flat_mlp_pruned,526.8654509007929,27.59081950238686,0.4809207380287755,0.02718307340136638,0.08268027106217612,0.03602569778839039,2.985,1.0
35,greedy_sleep,523.7493802696712,26.81097641220579,0.4839907583550039,0.02641475508591704,0.07674798503932352,0.04731419400662305,3.285,1.0
35,load_aware,840.6924325488492,13.170260886199376,0.17173159354793185,0.012975626488866382,0.7295693755748708,0.058382888451562316,0.0,0.9959
35,load_sleep,523.7493802696712,26.81097641220579,0.4839907583550039,0.02641475508591704,0.07674798503932352,0.04731419400662305,3.285,1.0
35,ml_gcn,584.6769767594152,30.3322026318291,0.42396356969515747,0.029883943479634578,0.20162746471434181,0.044225047698319905,2.9200000000000004,1.0
35,ml_gcn_pruned,523.015543747045,25.343890287343275,0.4847137500029114,0.024969350036791394,0.07495602491035439,0.03555501880887912,2.8899999999999997,1.0
35,oracle,486.6541708355397,20.55778591187769,0.5205377627236063,0.020253976267859797,0.0,0.0,2.965,1.0
35,rsrp,832.9797520964296,12.125786113336211,0.17933029350105456,0.011946587303779515,0.713720727764588,0.057541474374199784,0.0,0.9954000000000001
35,rsrp_sleep,554.4717612191716,43.52446293915918,0.45372240273973236,0.04288124427503366,0.13893033057075915,0.06597235566982063,3.3099999999999996,0.9968
35,sinr,832.9797520964296,12.125786113336211,0.17933029350105456,0.011946587303779515,0.713720727764588,0.057541474374199784,0.0,0.9954000000000001
35,sinr_sleep,554.4717612191716,43.52446293915918,0.45372240273973236,0.04288124427503366,0.13893033057075915,0.06597235566982063,3.3099999999999996,0.9968
40,agg_gcn,607.5984698122036,31.23488321573497,0.40138081791901126,0.030773283956389137,0.2121048220919331,0.05196285247103624,3.1350000000000002,1.0
40,agg_gcn_pruned,549.364236220582,25.76182306961451,0.45875444707331836,0.025381106472526622,0.09561765983749175,0.028890332113435706,3.12,1.0
40,attn_ml_gcn,600.5304674884824,31.05206719571079,0.4083443670064214,0.03059316965094659,0.19785711172318726,0.04799999418950346,2.8950000000000005,1.0
40,attn_ml_gcn_pruned,539.3157411432314,28.800770601450818,0.46865444222341746,0.028375143449705233,0.07574039607566144,0.044471662397306023,2.935,1.0
40,flat_mlp,606.2003943399757,24.912648617421112,0.40275823217736395,0.024544481396474006,0.2094997165609301,0.04165631270647606,3.035,1.0
40,flat_mlp_pruned,541.7904509007928,28.064786814826814,0.4662163045312385,0.027650036270765333,0.08057983646900842,0.039880710117749,2.985,1.0
40,greedy_sleep,540.1743802696712,27.202484544846783,0.46780849234515154,0.0268004773840855,0.07785654820013094,0.0508279470380283,3.285,1.0
40,load_aware,840.6924325488492,13.170260886199376,0.17173159354793185,0.012975626488866382,0.6784328714675525,0.05696297768824711,0.0,0.9959
40,load_sleep,540.1743802696712,27.202484544846783,0.46780849234515154,0.0268004773840855,0.07785654820013094,0.0508279470380283,3.285,1.0
40,ml_gcn,599.2769767594152,31.03337883890093,0.40957933324195556,0.030574757476749686,0.19536886622248678,0.04843688993565922,2.9200000000000004,1.0
40,ml_gcn_pruned,537.4655437470449,25.752784897453044,0.47047729680094097,0.02537220186941184,0.07214303041417233,0.03960725775721039,2.8899999999999997,1.0
40,oracle,501.47917083553966,21.07914645891755,0.5059318513935569,0.020767631979229116,0.0,0.0,2.965,1.0
40,rsrp,832.9797520964296,12.125786113336211,0.17933029350105456,0.011946587303779515,0.6630507677295044,0.056082384238858606,0.0,0.9954000000000001
40,rsrp_sleep,571.0217612191716,44.310209324322194,0.43741698402052054,0.0436553786446524,0.13842805776434233,0.06812984297911608,3.3099999999999996,0.9968
40,sinr,832.9797520964296,12.125786113336211,0.17933029350105456,0.011946587303779515,0.6630507677295044,0.056082384238858606,0.0,0.9954000000000001
40,sinr_sleep,571.0217612191716,44.310209324322194,0.43741698402052054,0.0436553786446524,0.13842805776434233,0.06812984297911608,3.3099999999999996,0.9968
50,agg_gcn,638.9484698122035,33.72121429216358,0.37049411841162205,0.033222871223806474,0.20386486055554434,0.06220522959191443,3.1350000000000002,1.0
50,agg_gcn_pruned,580.564236220582,25.200671677766277,0.4280155308171607,0.024828247958390413,0.09345127809669432,0.0323948084992019,3.12,1.0
50,attn_ml_gcn,629.4804674884824,32.953631210433066,0.37982219951873664,0.032466631734416815,0.18584159886158894,0.056875288860872425,2.8950000000000005,1.0
50,attn_ml_gcn_pruned,568.6657411432313,30.54275383518677,0.4397381860657819,0.03009138308885396,0.07128927784768324,0.05266840277236488,2.935,1.0
50,flat_mlp,636.5503943399756,24.697610844049013,0.37285675434485166,0.024332621521230557,0.1994875324321473,0.048122978437212194,3.035,1.0
50,flat_mlp_pruned,571.6404509007929,29.144369986759305,0.4368074375361647,0.028713665011585517,0.07677783249482226,0.04705239228026905,2.985,1.0
50,greedy_sleep,573.0243802696712,28.207967264932563,0.4354439603254471,0.02779110075362815,0.07992679305309862,0.057509382283640526,3.285,1.0
50,load_aware,840.6924325488492,13.170260886199376,0.17173159354793185,0.012975626488866382,0.5847888357586797,0.05532369994908182,0.0,0.9959
50,load_sleep,573.0243802696712,28.207967264932563,0.4354439603254471,0.02779110075362815,0.07992679305309862,0.057509382283640526,3.285,1.0
50,ml_gcn,628.4769767594152,32.89848183142931,0.38081086033555156,0.03241229737086632,0.18395518448790774,0.05695135917558172,2.9200000000000004,1.0
50,ml_gcn_pruned,566.365543747045,26.760834070141954,0.4420043903970002,0.02636535376368666,0.06704534075604934,0.047364861999018903,2.8899999999999997,1.0
50,oracle,531.1291708355396,22.403503218149353,0.47672002873345837,0.02207241696369393,0.0,0.0,2.965,1.0
50,rsrp,832.9797520964296,12.125786113336211,0.17933029350105456,0.011946587303779515,0.5702615226717427,0.0543888033683015,0.0,0.9954000000000001
50,rsrp_sleep,604.1217612191716,45.95733024024859,0.4048061465820968,0.0452781578721661,0.13755040467759538,0.07248337217663232,3.3099999999999996,0.9968
50,sinr,832.9797520964296,12.125786113336211,0.17933029350105456,0.011946587303779515,0.5702615226717427,0.0543888033683015,0.0,0.9954000000000001
50,sinr_sleep,604.1217612191716,45.95733024024859,0.4048061465820968,0.0452781578721661,0.13755040467759538,0.07248337217663232,3.3099999999999996,0.9968
75,agg_gcn,717.3234698122035,41.022493255914554,0.2932773696431492,0.04041624951321632,0.18709350067127645,0.08385997171240185,3.1350000000000002,1.0
75,agg_gcn_pruned,658.564236220582,23.935601082801927,0.3511682401767666,0.0235818729879822,0.08909361488655632,0.04118033266031764,3.12,1.0
75,attn_ml_gcn,701.8554674884824,39.70053320124804,0.3085167807995249,0.03911382581403748,0.1611826824249424,0.07677010056245603,2.8950000000000005,1.0
75,attn_ml_gcn_pruned,642.0407411432313,36.01798024755346,0.3674475456716933,0.03548569482517582,0.06229739882960948,0.07036695471771906,2.935,1.0
75,flat_mlp,712.4253943399756,26.068680205030066,0.2981030597635709,0.025683428773428645,0.17888203920251672,0.06229678742581519,3.035,1.0
75,flat_mlp_pruned,646.2654509007929,32.50113405543365,0.36328527004848,0.032020821729491285,0.06909351123178346,0.062119660212839704,2.985,1.0
75,greedy_sleep,655.1493802696712,31.831796072184638,0.35453263027618603,0.03136137544057599,0.08437531894695346,0.07205440957424321,3.285,1.0
75,load_aware,840.6924325488492,13.170260886199376,0.17173159354793185,0.012975626488866382,0.39102878729927243,0.05454770373051764,0.0,0.9959
75,load_sleep,655.1493802696712,31.831796072184638,0.35453263027618603,0.03136137544057599,0.08437531894695346,0.07205440957424321,3.285,1.0
75,ml_gcn,701.4769767594152,39.67339553016204,0.3088896780695417,0.039087089192277866,0.16053510194440151,0.0764103572908769,2.9200000000000004,1.0
75,ml_gcn_pruned,638.615543747045,30.224570835403114,0.37082212438714784,0.02977790230088976,0.056717696440053034,0.06409953429816677,2.8899999999999997,1.0
75,oracle,605.2541708355396,26.99160060857641,0.40369047208321207,0.02659270995918857,0.0,0.0,2.965,1.0
75,rsrp,832.9797520964296,12.125786113336211,0.17933029350105456,0.011946587303779515,0.3782718038361912,0.05357646268478404,0.0,0.9954000000000001
75,rsrp_sleep,686.8717612191716,50.45696269026024,0.32327905298603776,0.04971129329089679,0.13590845769416557,0.08284742269512257,3.3099999999999996,0.9968
75,sinr,832.9797520964296,12.125786113336211,0.17933029350105456,0.011946587303779515,0.3782718038361912,0.05357646268478404,0.0,0.9954000000000001
75,sinr_sleep,686.8717612191716,50.45696269026024,0.32327905298603776,0.04971129329089679,0.13590845769416557,0.08284742269512257,3.3099999999999996,0.9968
100,agg_gcn,795.6984698122035,49.30904696427515,0.21606062087467626,0.04858034183672429,0.17425536035970418,0.10093486976231872,3.1350000000000002,1.0
100,agg_gcn_pruned,736.564236220582,22.892913285836286,0.2743209495363725,0.02255459437028205,0.08580753386078133,0.0488761788470113,3.12,1.0
100,attn_ml_gcn,774.2304674884824,48.289886526594216,0.23721136208031304,0.047576242883344055,0.1421127247081311,0.09297639626679426,2.8950000000000005,1.0
100,attn_ml_gcn_pruned,715.4157411432313,42.58114138325319,0.2951569052776046,0.04195186343177655,0.05547821825552142,0.08450022489588838,2.935,1.0
100,flat_mlp,788.3003943399756,29.777758748475136,0.22334936518229004,0.029337693348251374,0.16289056608308417,0.07369725294896588,3.035,1.0
100,flat_mlp_pruned,720.8904509007929,36.58261677457812,0.2897631025607952,0.0360419869700277,0.06326225554375238,0.07396967471240797,2.985,1.0
100,greedy_sleep,737.2743802696712,36.642561904437976,0.27362130022692494,0.036101046211268945,0.08800484255617533,0.08388309469165711,3.285,1.0
100,load_aware,840.6924325488492,13.170260886199376,0.17173159354793185,0.012975626488866382,0.23967842919622112,0.0548223850037883,0.0,0.9959
100,load_sleep,737.2743802696712,36.642561904437976,0.27362130022692494,0.036101046211268945,0.08800484255617533,0.08388309469165711,3.285,1.0
100,ml_gcn,774.4769767594152,48.39601529826868,0.23696849580353185,0.04768080324952579,0.14242678063712108,0.09244138157455536,2.9200000000000004,1.0
100,ml_gcn_pruned,710.865543747045,34.696163922047596,0.2996398583772957,0.03418341273108137,0.048856740285334155,0.07741851489807236,2.8899999999999997,1.0
100,oracle,679.3791708355396,32.760743705812814,0.33066091543296583,0.03227659478405204,0.0,0.0,2.965,1.0
100,rsrp,832.9797520964296,12.125786113336211,0.17933029350105456,0.011946587303779515,0.22830574666987888,0.05387999862565534,0.0,0.9954000000000001
100,rsrp_sleep,769.6217612191716,55.39389826543498,0.24175195938997868,0.05457526922702953,0.1347902981413178,0.09192182767825308,3.3099999999999996,0.9968
100,sinr,832.9797520964296,12.125786113336211,0.17933029350105456,0.011946587303779515,0.22830574666987888,0.05387999862565534,0.0,0.9954000000000001
100,sinr_sleep,769.6217612191716,55.39389826543498,0.24175195938997868,0.05457526922702953,0.1347902981413178,0.09192182767825308,3.3099999999999996,0.9968
125,agg_gcn,874.0734698122035,58.161256624308166,0.13884387210620336,0.05730173066434303,0.16411376201573752,0.11466804592671717,3.1350000000000002,1.0
125,agg_gcn_pruned,814.564236220582,22.104101238547198,0.1974736588959784,0.02177743964388886,0.08324403577722628,0.05535516186516265,3.12,1.0
125,attn_ml_gcn,846.6054674884823,57.90754892772678,0.16590594336110123,0.057051772342587966,0.12692210666760384,0.1061783575829188,2.8950000000000005,1.0
125,attn_ml_gcn_pruned,788.7907411432313,49.80397487148144,0.22286626488351594,0.04906795553840535,0.050132309628117544,0.09592729291830017,2.935,1.0
125,flat_mlp,864.1753943399756,35.091145133136806,0.14859567060100926,0.034572556781415575,0.15011512427506912,0.08292120221731007,3.035,1.0
125,flat_mlp_pruned,795.5154509007929,41.17385951649714,0.21624093507311054,0.04056537883398733,0.058688366870029096,0.08349707628841062,2.985,1.0
125,greedy_sleep,819.3993802696712,42.2366158970835,0.19270997017766384,0.04161242945525468,0.091017652876756,0.09360101839294817,3.285,1.0
125,load_aware,840.6924325488492,13.170260886199376,0.17173159354793185,0.012975626488866382,0.11814130394719109,0.05475553244657205,0.0,0.9959
125,load_sleep,819.3993802696712,42.2366158970835,0.19270997017766384,0.04161242945525468,0.091017652876756,0.09360101839294817,3.285,1.0
125,ml_gcn,847.476976759415,58.19706228312223,0.165047313537522,0.057337007175489875,0.1280045151560343,0.10556103636220412,2.9200000000000004,1.0
125,ml_gcn_pruned,783.115543747045,39.83766517121153,0.22845759236744345,0.03924893120316407,0.04267508643846197,0.08815509513353853,2.8899999999999997,1.0
125,oracle,753.5041708355396,39.19281095661274,0.25763135878271953,0.03861360685380565,0.0,0.0,2.965,1.0
125,rsrp,832.9797520964296,12.125786113336211,0.17933029350105456,0.011946587303779515,0.10788108885563526,0.05386011595306853,0.0,0.9954000000000001
125,rsrp_sleep,852.3717612191716,60.661460962924444,0.16022486579391954,0.059764986170368906,0.1339976119225231,0.0996814436433902,3.3099999999999996,0.9968
125,sinr,832.9797520964296,12.125786113336211,0.17933029350105456,0.011946587303779515,0.10788108885563526,0.05386011595306853,0.0,0.9954000000000001
125,sinr_sleep,852.3717612191716,60.661460962924444,0.16022486579391954,0.059764986170368906,0.1339976119225231,0.0996814436433902,3.3099999999999996,0.9968
150,agg_gcn,952.4484698122036,67.35646911553611,0.061627123337730426,0.06636105331579913,0.15590092758185845,0.12593684761535873,3.1350000000000002,1.0
150,agg_gcn_pruned,892.5642362205821,21.59700066556468,0.1206263682555843,0.02127783316804402,0.08119009886453625,0.060805882330119,3.12,1.0
150,attn_ml_gcn,918.9804674884823,68.11934807865218,0.09460052464188941,0.06711265820556865,0.11453489965753691,0.1170823945136911,2.8950000000000005,1.0
150,attn_ml_gcn_pruned,862.1657411432313,57.43815661743352,0.15057562448942724,0.05658931686446653,0.04583059350753974,0.10532954453523387,2.935,1.0
150,flat_mlp,940.0503943399756,41.395612565217306,0.07384197601972847,0.040783854744056464,0.1396719608032066,0.09050081845864298,3.035,1.0
150,flat_mlp_pruned,870.1404509007929,46.12288246754599,0.1427187675854258,0.04544126351482363,0.05500617136364462,0.09131656132647632,2.985,1.0
150,greedy_sleep,901.5243802696712,48.342800702201174,0.11179864012840277,0.04762837507606027,0.09355624601951668,0.1017013686446294,3.285,1.0
150,load_aware,840.6924325488492,13.170260886199376,0.17173159354793185,0.012975626488866382,0.018373782015756616,0.054196611840233125,0.0,0.9959
150,load_sleep,901.5243802696712,48.342800702201174,0.11179864012840277,0.04762837507606027,0.09355624601951668,0.1017013686446294,3.285,1.0
150,ml_gcn,920.476976759415,68.61595731168325,0.09312613127151216,0.06760192838589482,0.11624545031592146,0.11642336341092713,2.9200000000000004,1.0
150,ml_gcn_pruned,855.3655437470449,45.42215327731823,0.15727532635759123,0.04475088992839234,0.03768775903758513,0.09696808906059419,2.8899999999999997,1.0
150,oracle,827.6291708355396,46.010616285607284,0.18460180213247318,0.04533065643902196,0.0,0.0,2.965,1.0
150,rsrp,832.9797520964296,12.125786113336211,0.17933029350105456,0.011946587303779515,0.009027293761141891,0.053350798109082866,0.0,0.9954000000000001
150,rsrp_sleep,935.1217612191718,66.1807504284399,0.07869777219786046,0.06520270978171418,0.1334174088957607,0.10630834681969221,3.3099999999999996,0.9968
150,sinr,832.9797520964296,12.125786113336211,0.17933029350105456,0.011946587303779515,0.009027293761141891,0.053350798109082866,0.0,0.9954000000000001
150,sinr_sleep,935.1217612191718,66.1807504284399,0.07869777219786046,0.06520270978171418,0.1334174088957607,0.10630834681969221,3.3099999999999996,0.9968
