policy,assignment_accuracy,energy_w,switching_penalty_w,energy_w_with_switching,energy_saving_vs_all_on,energy_saving_with_switching_vs_all_on,energy_gap_vs_oracle,energy_gap_with_switching_vs_oracle_static,served_ratio,active_bs,switch_events,activation_events,deactivation_events,max_load,energy_gap_with_switching_vs_oracle,seed
flat_mlp_search,0.9494047619047619,191.8428828806451,65.625,257.4678828806451,0.810992233615128,0.7463370612013348,-0.0012093288961134777,0.34327415141104195,1.0,1.2083333333333333,1.875,0.9166666666666666,0.9583333333333334,0.6129557885720933,0.010250047720077793,11
attn_ml_gcn_search,0.9474206349206349,191.94023995261662,65.625,257.56523995261665,0.8108963153176191,0.7462411429038259,-0.0008249090209905588,0.34365857128616484,1.0,1.2083333333333333,1.875,0.9166666666666666,0.9583333333333334,0.613984171787397,0.010632056479790685,11
ml_gcn_search,0.9474206349206349,191.94023995261662,65.625,257.56523995261665,0.8108963153176191,0.7462411429038259,-0.0008249090209905588,0.34365857128616484,1.0,1.2083333333333333,1.875,0.9166666666666666,0.9583333333333334,0.613984171787397,0.010632056479790685,11
agg_gcn_search,0.9265873015873015,192.0233528662304,65.625,257.64835286623037,0.8108144306736645,0.7461592582598716,-0.0004967823733663326,0.34398669793378905,1.0,1.2083333333333333,1.875,0.9166666666666666,0.9583333333333334,0.6146008453649308,0.010958174145438858,11
oracle,1.0,192.147267477274,62.708333333333336,254.85560081060734,0.8106923473130306,0.7489107381176282,0.0,0.3329949439683248,1.0,1.2083333333333333,1.7916666666666667,0.875,0.9166666666666666,0.6139960717661571,2.2304167018503346e-16,11
agg_gcn_stable_search,0.548611111111111,201.5178255746081,21.875,223.39282557460817,0.8014602703698442,0.7799085462319132,0.050185051449722205,0.16532927335647613,1.0,1.2916666666666667,0.625,0.2916666666666667,0.3333333333333333,0.626920813054252,-0.12345334038540624,11
flat_mlp_stable_search,0.5555555555555556,202.3970763500217,18.958333333333332,221.35540968335502,0.8005940134482544,0.7819158525287143,0.055092008259458154,0.1555026104473727,1.0,1.2916666666666667,0.5416666666666666,0.25,0.2916666666666667,0.6373027853065905,-0.1314477336213125,11
attn_ml_gcn_stable_search,0.5555555555555556,202.50735891047736,18.958333333333332,221.4656922438107,0.8004853606793326,0.7818071997597924,0.05578937639141212,0.1561999785793267,1.0,1.2916666666666667,0.5416666666666666,0.25,0.2916666666666667,0.639666914764302,-0.1310150079519338,11
ml_gcn_stable_search,0.5555555555555556,202.50735891047736,18.958333333333332,221.4656922438107,0.8004853606793326,0.7818071997597924,0.05578937639141212,0.1561999785793267,1.0,1.2916666666666667,0.5416666666666666,0.25,0.2916666666666667,0.639666914764302,-0.1310150079519338,11
flat_mlp_pruned,0.4851190476190476,206.37468816349931,58.333333333333336,264.70802149683266,0.7966751840753701,0.7392039197075541,0.07534822692900216,0.37895416173798996,1.0,1.375,1.6666666666666667,0.8333333333333334,0.8333333333333334,0.5661392299055794,0.03865883525764487,11
ml_gcn_pruned,0.4871031746031746,210.12037932168653,61.25,271.3703793216865,0.7929848479589295,0.7326400203727226,0.09595958738249694,0.42288602471615827,1.0,1.4166666666666667,1.75,0.875,0.875,0.5566127730678648,0.06480053198184171,11
attn_ml_gcn_pruned,0.4880952380952381,210.14903185770345,61.25,271.39903185770345,0.7929566188594054,0.7326117912731985,0.09611227320848338,0.4230387105421447,1.0,1.4166666666666667,1.75,0.875,0.875,0.556615164377448,0.06491295853211483,11
ml_gcn,0.4871031746031746,210.68936905693715,61.25,271.93936905693715,0.7924242669389782,0.7320794393527712,0.09896441092365928,0.42589084825732054,1.0,1.4166666666666667,1.75,0.875,0.875,0.5619159681313001,0.06703312853236235,11
attn_ml_gcn,0.4880952380952381,210.71802159295407,61.25,271.9680215929541,0.792396037839454,0.7320512102532472,0.09911709674964574,0.42604353408330703,1.0,1.4166666666666667,1.75,0.875,0.875,0.5619183594408832,0.06714555508263546,11
flat_mlp,0.4255952380952381,210.98046184330576,64.16666666666667,275.14712850997245,0.7921374760164475,0.7289190852118499,0.09976627908655618,0.43519736133103165,1.0,1.4166666666666667,1.8333333333333333,0.9166666666666666,0.9166666666666666,0.5624015962722865,0.07961970478508162,11
agg_gcn_stable,0.4037698412698412,211.3654949329324,29.166666666666668,240.53216159959905,0.7917581330710025,0.7630225008870944,0.1025249765878129,0.25224118023785164,1.0,1.4166666666666667,0.8333333333333334,0.4166666666666667,0.4166666666666667,0.5736646359985701,-0.05620217552782965,11
attn_ml_gcn_stable,0.4037698412698412,211.3654949329324,29.166666666666668,240.53216159959905,0.7917581330710025,0.7630225008870944,0.1025249765878129,0.25224118023785164,1.0,1.4166666666666667,0.8333333333333334,0.4166666666666667,0.4166666666666667,0.5736646359985701,-0.05620217552782965,11
flat_mlp_stable,0.4037698412698412,211.3654949329324,29.166666666666668,240.53216159959905,0.7917581330710025,0.7630225008870944,0.1025249765878129,0.25224118023785164,1.0,1.4166666666666667,0.8333333333333334,0.4166666666666667,0.4166666666666667,0.5736646359985701,-0.05620217552782965,11
ml_gcn_stable,0.4037698412698412,211.3654949329324,29.166666666666668,240.53216159959905,0.7917581330710025,0.7630225008870944,0.1025249765878129,0.25224118023785164,1.0,1.4166666666666667,0.8333333333333334,0.4166666666666667,0.4166666666666667,0.5736646359985701,-0.05620217552782965,11
agg_gcn_pruned,0.47321428571428575,213.11410965515984,61.25,274.36410965515984,0.7900353599456552,0.7296905323594484,0.11443575121254122,0.441802325717112,1.0,1.4583333333333333,1.75,0.875,0.875,0.5371604046702788,0.07654730279618242,11
agg_gcn,0.4156746031746032,217.39374330945682,70.0,287.39374330945685,0.7858189721089096,0.7168534548675303,0.13743257082113225,0.5125494601683835,1.0,1.5,2.0,1.0,1.0,0.5295375844200031,0.12767285629727979,11
greedy_sleep,0.1984126984126984,225.8298056601196,90.41666666666667,316.2464723267862,0.777507580630424,0.6884271208603091,0.1902129468419308,0.669773493898028,1.0,1.625,2.5833333333333335,1.2916666666666667,1.2916666666666667,0.4824304531577592,0.2408849219750943,11
load_sleep,0.1984126984126984,225.8298056601196,90.41666666666667,316.2464723267862,0.777507580630424,0.6884271208603091,0.1902129468419308,0.669773493898028,1.0,1.625,2.5833333333333335,1.2916666666666667,1.2916666666666667,0.4824304531577592,0.2408849219750943,11
rsrp_sleep,0.2222222222222222,241.54839163860652,93.33333333333333,334.88172497193983,0.7620212890260034,0.6700672660374977,0.27571732929875625,0.7795642000795661,1.0,1.8333333333333333,2.6666666666666665,1.4166666666666667,1.25,0.4493582223488201,0.31400575034175116,11
sinr_sleep,0.2222222222222222,241.54839163860652,93.33333333333333,334.88172497193983,0.7620212890260034,0.6700672660374977,0.27571732929875625,0.7795642000795661,1.0,1.8333333333333333,2.6666666666666665,1.4166666666666667,1.25,0.4493582223488201,0.31400575034175116,11
rsrp,0.17956349206349206,679.7329561625676,1.4583333333333333,681.191289495901,0.3303123584605245,0.3288755768513291,2.6179740141209282,2.6256754436184773,1.0,6.958333333333333,0.041666666666666664,0.0,0.041666666666666664,0.18713254946945387,1.6728519496109473,11
sinr,0.17956349206349206,679.7329561625676,1.4583333333333333,681.191289495901,0.3303123584605245,0.3288755768513291,2.6179740141209282,2.6256754436184773,1.0,6.958333333333333,0.041666666666666664,0.0,0.041666666666666664,0.18713254946945387,1.6728519496109473,11
load_aware,0.17460317460317462,689.4986253893709,0.0,689.4986253893709,0.3206910094686,0.3206910094686,2.670147267423493,2.670147267423493,1.0,7.0,0.0,0.0,0.0,0.1891057563041674,1.7054481957481604,11
oracle,1.0,199.3873595043889,61.25,260.63735950438894,0.8035592517198139,0.7432144241336069,0.0,0.29936661107173845,1.0,1.2916666666666667,1.75,0.875,0.875,0.5972654671440959,0.0,13
agg_gcn_search,0.9523809523809524,199.54395595454335,64.16666666666667,263.71062262121,0.803404969502913,0.7401865786983152,0.0006544264379671824,0.3118764494371726,1.0,1.2916666666666667,1.8333333333333333,0.9166666666666666,0.9166666666666666,0.598854523432567,0.011791337675707676,13
attn_ml_gcn_search,0.9454365079365079,199.7378540286414,61.25,260.9878540286414,0.8032139369175947,0.7428691093313878,0.0014110300829111128,0.3007776411546496,1.0,1.2916666666666667,1.75,0.875,0.875,0.6009057366171973,0.0013447593427086493,13
ml_gcn_search,0.9454365079365079,199.7378540286414,61.25,260.9878540286414,0.8032139369175947,0.7428691093313878,0.0014110300829111128,0.3007776411546496,1.0,1.2916666666666667,1.75,0.875,0.875,0.6009057366171973,0.0013447593427086493,13
flat_mlp_search,0.9117063492063492,199.82838461088613,64.16666666666667,263.9950512775528,0.803124744225728,0.7399063534211302,0.0017692961663332068,0.30830198727499697,1.0,1.2916666666666667,1.8333333333333333,0.9166666666666666,0.9166666666666666,0.602177546240629,0.012882618898336935,13
attn_ml_gcn_stable_search,0.5446428571428571,207.05673195891043,32.083333333333336,239.14006529224378,0.7960032197449158,0.764394024342617,0.038355561180963844,0.20719387020247346,1.0,1.3333333333333333,0.9166666666666666,0.4583333333333333,0.4583333333333333,0.6363768113039858,-0.08247971147736849,13
ml_gcn_stable_search,0.5446428571428571,207.05673195891043,32.083333333333336,239.14006529224378,0.7960032197449158,0.764394024342617,0.038355561180963844,0.20719387020247346,1.0,1.3333333333333333,0.9166666666666666,0.4583333333333333,0.4583333333333333,0.6363768113039858,-0.08247971147736849,13
agg_gcn_pruned,0.4503968253968254,207.09170720453918,58.333333333333336,265.4250405378725,0.7959687613748382,0.738497497007022,0.03790419550315078,0.32032014214140725,1.0,1.3333333333333333,1.6666666666666667,0.8333333333333334,0.8333333333333334,0.6358111367813816,0.01836912805818599,13
agg_gcn_stable_search,0.5446428571428571,207.23833484013105,32.083333333333336,239.32166817346436,0.7958243006501172,0.7642151052478184,0.03907624551867891,0.2079145545401885,1.0,1.3333333333333333,0.9166666666666666,0.4583333333333333,0.4583333333333333,0.6367722254301001,-0.0817829468939415,13
ml_gcn_pruned,0.40079365079365076,207.4566214714979,52.5,259.9566214714979,0.7956092399295587,0.7438851019985243,0.04047589016720385,0.3037376239719171,1.0,1.3333333333333333,1.5,0.75,0.75,0.6443881986809621,-0.0026118206314915474,13
attn_ml_gcn_pruned,0.44047619047619047,207.5264442591443,52.5,260.0264442591443,0.7955404490057693,0.7438163110747347,0.04070719933834895,0.3053071705730536,1.0,1.3333333333333333,1.5,0.75,0.75,0.645526124883179,-0.0023439281552204635,13
flat_mlp_stable_search,0.5317460317460317,207.71784559566717,32.083333333333336,239.80117892900049,0.7953518762604265,0.7637426808581277,0.04094223657280822,0.2097805455943178,1.0,1.3333333333333333,0.9166666666666666,0.4583333333333333,0.4583333333333333,0.6418625841576622,-0.0799431847184501,13
agg_gcn_stable,0.3968253968253968,207.9559738790979,46.666666666666664,254.6226405457646,0.7951172671141893,0.7491402556199365,0.041716237338460006,0.28238046355145213,1.0,1.3333333333333333,1.3333333333333333,0.6666666666666666,0.6666666666666666,0.645916395136252,-0.02307696398575224,13
ml_gcn_stable,0.39980158730158727,208.00741543739966,49.583333333333336,257.590748770733,0.7950665857759609,0.7462160110633173,0.04305923594308687,0.3011201306623179,1.0,1.3333333333333333,1.4166666666666667,0.7083333333333334,0.7083333333333334,0.6514982645252042,-0.011689079184385446,13
attn_ml_gcn_stable,0.3968253968253968,208.61142726309797,46.666666666666664,255.27809392976462,0.7944715002334011,0.7484944887391481,0.045618176382295095,0.2876869503094443,1.0,1.3333333333333333,1.3333333333333333,0.6666666666666666,0.6666666666666666,0.6578337293907986,-0.020562154193148472,13
flat_mlp_pruned,0.4285714285714286,210.55178818491837,64.16666666666667,274.718454851585,0.7925598145961396,0.7293414237915418,0.05715942535728225,0.37677308790113706,1.0,1.375,1.8333333333333333,0.9166666666666666,0.9166666666666666,0.6223656371435313,0.0540256215531487,13
flat_mlp_stable,0.4375,213.44284819046615,46.666666666666664,260.1095148571328,0.7897114796153043,0.7437344681210515,0.0713342105397659,0.3123213437095925,1.0,1.375,1.3333333333333333,0.6666666666666666,0.6666666666666666,0.6503846493394068,-0.0020252071623954693,13
ml_gcn,0.34920634920634924,219.08779470216209,71.45833333333333,290.5461280354954,0.784149955958461,0.7137476571078863,0.10545597020799853,0.4650454121776176,1.0,1.4583333333333333,2.0416666666666665,1.0,1.0416666666666667,0.6096767670029507,0.1147524230140263,13
attn_ml_gcn,0.3888888888888889,219.15761748980847,74.375,293.5326174898085,0.7840811650346714,0.710805302965706,0.10568727937914364,0.4778885120012902,1.0,1.4583333333333333,2.125,1.0416666666666667,1.0833333333333333,0.6108146932051676,0.12621083196964183,13
agg_gcn,0.32341269841269843,220.26961581536864,68.54166666666667,288.8112824820353,0.7829856001819029,0.7154568645497189,0.10920356800920998,0.443208283552375,1.0,1.4583333333333333,1.9583333333333333,0.9583333333333334,1.0,0.6171694045265989,0.10809625692655912,13
greedy_sleep,0.3253968253968254,225.15168309058893,91.875,317.02668309058896,0.7781756816841489,0.6876584403048386,0.14392704541371026,0.6086619481431188,1.0,1.5833333333333333,2.625,1.3333333333333333,1.2916666666666667,0.5269556894088728,0.216351653091584,13
load_sleep,0.3253968253968254,225.15168309058893,91.875,317.02668309058896,0.7781756816841489,0.6876584403048386,0.14392704541371026,0.6086619481431188,1.0,1.5833333333333333,2.625,1.3333333333333333,1.2916666666666667,0.5269556894088728,0.216351653091584,13
flat_mlp,0.25595238095238093,231.58032244213078,87.5,319.0803224421308,0.7718420468550437,0.6856351503033195,0.17340914144203315,0.6131347226774108,1.0,1.5833333333333333,2.5,1.25,1.25,0.5844531150801637,0.22423095080794714,13
rsrp_sleep,0.3244047619047619,243.71332884614807,100.625,344.33832884614804,0.7598883459643861,0.6607504149299034,0.2453643177368662,0.7583760123536227,1.0,1.8333333333333333,2.875,1.4583333333333333,1.4166666666666667,0.4527330509961931,0.32113956917350384,13
sinr_sleep,0.3244047619047619,243.71332884614807,100.625,344.33832884614804,0.7598883459643861,0.6607504149299034,0.2453643177368662,0.7583760123536227,1.0,1.8333333333333333,2.875,1.4583333333333333,1.4166666666666667,0.4527330509961931,0.32113956917350384,13
rsrp,0.1884920634920635,688.8305852513444,2.9166666666666665,691.747251918011,0.32134917709227157,0.3184756138738808,2.5466117927760816,2.56295652420086,1.0,6.958333333333333,0.08333333333333333,0.041666666666666664,0.041666666666666664,0.2190424357847026,1.654060236158748,13
sinr,0.1884920634920635,688.8305852513444,2.9166666666666665,691.747251918011,0.32134917709227157,0.3184756138738808,2.5466117927760816,2.56295652420086,1.0,6.958333333333333,0.08333333333333333,0.041666666666666664,0.041666666666666664,0.2190424357847026,1.654060236158748,13
load_aware,0.1884920634920635,698.107962712398,0.0,698.107962712398,0.3122089037316276,0.3122089037316276,2.594824575549846,2.594824575549846,1.0,7.0,0.0,0.0,0.0,0.21328028505313246,1.6784646838038675,13
flat_mlp_search,0.8988095238095238,199.37015832665284,68.54166666666667,267.9118249933195,0.8035761986929528,0.736047463060769,-0.0002557195127419395,0.3538595337412916,1.0,1.2916666666666667,1.9583333333333333,1.0,0.9583333333333334,0.5881023374411719,-0.011020495571657676,17
oracle,1.0,199.43891356985705,71.45833333333333,270.89724690319036,0.8035084595370866,0.7331061606865119,0.0,0.3650488185839785,1.0,1.2916666666666667,2.0416666666666665,1.0416666666666667,1.0,0.586556648219743,0.0,17
agg_gcn_search,0.8998015873015873,199.65366055300896,71.45833333333333,271.1119938863423,0.803296886154671,0.7328945873040963,0.0008305014099159146,0.3658793199938944,1.0,1.2916666666666667,2.0416666666666665,1.0416666666666667,1.0,0.5901474013319518,0.0007927248637882377,17
attn_ml_gcn_search,0.8849206349206349,199.69731179781138,71.45833333333333,271.1556451311447,0.8032538800021563,0.7328515811515816,0.0009947651583379774,0.36604358374231655,1.0,1.2916666666666667,2.0416666666666665,1.0416666666666667,1.0,0.591916274055548,0.0009538606645444188,17
ml_gcn_search,0.8849206349206349,199.69731179781138,71.45833333333333,271.1556451311447,0.8032538800021563,0.7328515811515816,0.0009947651583379774,0.36604358374231655,1.0,1.2916666666666667,2.0416666666666665,1.0416666666666667,1.0,0.591916274055548,0.0009538606645444188,17
flat_mlp_pruned,0.5466269841269841,212.16052955577996,36.458333333333336,248.6188628891133,0.7909748477282955,0.7550553074984104,0.06575035853716384,0.25246413072494384,1.0,1.4166666666666667,1.0416666666666667,0.5416666666666666,0.5,0.5756988005016309,-0.08223924114680506,17
flat_mlp_stable_search,0.5704365079365079,214.21378738160374,30.625,244.83878738160374,0.7889519336141836,0.75877951982108,0.08010196469753633,0.2388775837822433,1.0,1.4583333333333333,0.875,0.4583333333333333,0.4166666666666667,0.5501887269835362,-0.09619315005773776,17
attn_ml_gcn_stable_search,0.5555555555555556,214.4938966504926,30.625,245.11889665049253,0.7886759638911403,0.7585035500980369,0.08226034470407564,0.2410359637887826,1.0,1.4583333333333333,0.875,0.4583333333333333,0.4166666666666667,0.5533196147173712,-0.09515914446303013,17
ml_gcn_stable_search,0.5555555555555556,214.4938966504926,30.625,245.11889665049253,0.7886759638911403,0.7585035500980369,0.08226034470407564,0.2410359637887826,1.0,1.4583333333333333,0.875,0.4583333333333333,0.4166666666666667,0.5533196147173712,-0.09515914446303013,17
agg_gcn_stable_search,0.5565476190476191,214.56443445977868,30.625,245.18943445977868,0.7886064685125334,0.7584340547194298,0.08187400402746416,0.2406496231121711,1.0,1.4583333333333333,0.875,0.4583333333333333,0.4166666666666667,0.5545146541331554,-0.09489875861528706,17
agg_gcn_pruned,0.4871031746031746,215.19728719347668,48.125,263.3222871934767,0.787982968282289,0.7405691751788407,0.08183596835108595,0.32540623414718167,1.0,1.4583333333333333,1.375,0.7083333333333334,0.6666666666666666,0.5501207170848421,-0.02796248317879986,17
flat_mlp_stable,0.4672619047619047,216.66384885486187,39.375,256.0388488548619,0.7865380799459488,0.747744976497673,0.09008777737605071,0.2859728209405132,1.0,1.4583333333333333,1.125,0.5833333333333334,0.5416666666666666,0.5729195065042999,-0.054848833711618944,17
attn_ml_gcn_pruned,0.4880952380952381,217.62493705446494,33.541666666666664,251.16660372113162,0.7855911950202316,0.7525452180087373,0.09513675032882336,0.26797428031345305,1.0,1.4583333333333333,0.9583333333333334,0.5,0.4583333333333333,0.5807757599913552,-0.07283441750557847,17
ml_gcn_pruned,0.4880952380952381,217.62493705446494,33.541666666666664,251.16660372113162,0.7855911950202316,0.7525452180087373,0.09513675032882336,0.26797428031345305,1.0,1.4583333333333333,0.9583333333333334,0.5,0.4583333333333333,0.5807757599913552,-0.07283441750557847,17
agg_gcn_stable,0.40178571428571425,220.0889440250438,33.541666666666664,253.63061069171044,0.7831636019457697,0.7501176249342754,0.10932567424953388,0.2757144766816388,1.0,1.5,0.9583333333333334,0.5,0.4583333333333333,0.5545042780058314,-0.06373869210140197,17
attn_ml_gcn_stable,0.4255952380952381,220.28709599716726,36.458333333333336,256.7454293305006,0.7829683783279141,0.747048838098029,0.10952497021478308,0.2892111603662056,1.0,1.5,1.0416666666666667,0.5416666666666666,0.5,0.5572754121796548,-0.05224053671445082,17
ml_gcn_stable,0.4255952380952381,220.28709599716726,36.458333333333336,256.7454293305006,0.7829683783279141,0.747048838098029,0.10952497021478308,0.2892111603662056,1.0,1.5,1.0416666666666667,0.5416666666666666,0.5,0.5572754121796548,-0.05224053671445082,17
flat_mlp,0.46329365079365076,224.13628072112542,51.041666666666664,275.1779473877921,0.7791760781072656,0.7288887217854265,0.13037918376387533,0.3811166424686922,1.0,1.5416666666666667,1.4583333333333333,0.75,0.7083333333333334,0.5537340447776499,0.01580193425196192,17
agg_gcn,0.44841269841269843,227.6677069460425,51.041666666666664,278.70937361270916,0.7756968404472487,0.7254094841254096,0.14826252930033804,0.405525212198439,1.0,1.5833333333333333,1.4583333333333333,0.75,0.7083333333333334,0.5335482484242536,0.028837970111636413,17
attn_ml_gcn,0.4047619047619047,229.01901668348148,42.291666666666664,271.31068335014817,0.7743655008044518,0.732698834137785,0.15653393862720144,0.3657881256356239,1.0,1.5833333333333333,1.2083333333333333,0.625,0.5833333333333334,0.5531752733210473,0.0015261744136718803,17
ml_gcn,0.4047619047619047,229.01901668348148,42.291666666666664,271.31068335014817,0.7743655008044518,0.732698834137785,0.15653393862720144,0.3657881256356239,1.0,1.5833333333333333,1.2083333333333333,0.625,0.5833333333333334,0.5531752733210473,0.0015261744136718803,17
rsrp_sleep,0.2390873015873016,238.35280399002124,90.41666666666667,328.76947065668793,0.7651696512413584,0.6760891914712435,0.22204856139770987,0.6772070600518232,1.0,1.7916666666666667,2.5833333333333335,1.2916666666666667,1.2916666666666667,0.4184747492506085,0.21363164231114967,17
sinr_sleep,0.2390873015873016,238.35280399002124,90.41666666666667,328.76947065668793,0.7651696512413584,0.6760891914712435,0.22204856139770987,0.6772070600518232,1.0,1.7916666666666667,2.5833333333333335,1.2916666666666667,1.2916666666666667,0.4184747492506085,0.21363164231114967,17
greedy_sleep,0.19642857142857142,244.5866903506137,75.83333333333333,320.420023683947,0.7590278912801836,0.6843152476020227,0.2559629640745896,0.6328638473909927,1.0,1.875,2.1666666666666665,1.0833333333333333,1.0833333333333333,0.36502627609952837,0.18281018853784972,17
load_sleep,0.19642857142857142,244.5866903506137,75.83333333333333,320.420023683947,0.7590278912801836,0.6843152476020227,0.2559629640745896,0.6328638473909927,1.0,1.875,2.1666666666666665,1.0833333333333333,1.0833333333333333,0.36502627609952837,0.18281018853784972,17
rsrp,0.1884920634920635,686.2690127517009,0.0,686.2690127517009,0.32387289384068874,0.32387289384068874,2.5458020038673532,2.5458020038673532,1.0,7.0,0.0,0.0,0.0,0.20271559136270167,1.5333185205715676,17
sinr,0.1884920634920635,686.2690127517009,0.0,686.2690127517009,0.32387289384068874,0.32387289384068874,2.5458020038673532,2.5458020038673532,1.0,7.0,0.0,0.0,0.0,0.20271559136270167,1.5333185205715676,17
load_aware,0.1884920634920635,691.4399464338709,0.0,691.4399464338709,0.3187783778976641,0.3187783778976641,2.572139606301995,2.572139606301995,1.0,7.0,0.0,0.0,0.0,0.19895692352655525,1.5524066941919437,17
oracle,1.0,204.0503656479899,77.29166666666667,281.3420323146566,0.7989651569970543,0.7228157317096979,0.0,0.38891307464818636,1.0,1.375,2.2083333333333335,1.0833333333333333,1.125,0.536714099416785,0.0,19
attn_ml_gcn_search,0.8581349206349206,204.30871953741078,83.125,287.4337195374108,0.7987106211454081,0.7168140694212702,0.0010167693154203778,0.41657431221825786,1.0,1.375,2.375,1.1666666666666667,1.2083333333333333,0.5384566278664548,0.021652247169172342,19
ml_gcn_search,0.8581349206349206,204.30871953741078,83.125,287.4337195374108,0.7987106211454081,0.7168140694212702,0.0010167693154203778,0.41657431221825786,1.0,1.375,2.375,1.1666666666666667,1.2083333333333333,0.5384566278664548,0.021652247169172342,19
agg_gcn_search,0.8561507936507936,204.5927828820796,80.20833333333333,284.80111621541295,0.7984307557812024,0.7194077672754552,0.0021265233220547817,0.40171577639934974,1.0,1.375,2.2916666666666665,1.125,1.1666666666666667,0.5407759835313214,0.012294941755761792,19
flat_mlp_search,0.8859126984126985,204.62596056587392,83.125,287.7509605658739,0.798398068408006,0.7165015166838681,0.0022795233201548704,0.4178370662229924,1.0,1.375,2.375,1.1666666666666667,1.2083333333333333,0.5428136334846395,0.02277984629061577,19
agg_gcn_pruned,0.5625,214.1042678693407,56.875,270.97926786934073,0.789059834611487,0.7330253518528663,0.04625281140932871,0.3263382454252959,1.0,1.4166666666666667,1.625,0.7916666666666666,0.8333333333333334,0.5888061114858782,-0.03683333187031936,19
agg_gcn_stable,0.5059523809523809,215.5669858502683,39.375,254.9419858502683,0.787618733152445,0.7488256297041692,0.05291756532974109,0.2530550900782743,1.0,1.4166666666666667,1.125,0.5416666666666666,0.5833333333333334,0.6068623832921284,-0.09383612625241196,19
attn_ml_gcn_stable,0.5059523809523809,218.76622779705068,33.541666666666664,252.30789446371736,0.7844667706432998,0.7514207936318056,0.07031695912657145,0.2348700810610612,1.0,1.4583333333333333,0.9583333333333334,0.4583333333333333,0.5,0.5877820863289018,-0.10319872083125878,19
ml_gcn_stable,0.5059523809523809,218.76622779705068,33.541666666666664,252.30789446371736,0.7844667706432998,0.7514207936318056,0.07031695912657145,0.2348700810610612,1.0,1.4583333333333333,0.9583333333333334,0.4583333333333333,0.5,0.5877820863289018,-0.10319872083125878,19
attn_ml_gcn_pruned,0.5466269841269841,220.442220714521,56.875,277.317220714521,0.782815546094068,0.7267810633354473,0.0793278886520165,0.36576575443309783,1.0,1.5,1.625,0.7916666666666666,0.8333333333333334,0.5490740623080238,-0.014305760028185873,19
ml_gcn_pruned,0.5466269841269841,220.442220714521,56.875,277.317220714521,0.782815546094068,0.7267810633354473,0.0793278886520165,0.36576575443309783,1.0,1.5,1.625,0.7916666666666666,0.8333333333333334,0.5490740623080238,-0.014305760028185873,19
flat_mlp_pruned,0.5466269841269841,220.47079805179854,58.333333333333336,278.8041313851319,0.7827873910819719,0.7253161267141558,0.07887436169477645,0.3769503385246475,1.0,1.5,1.6666666666666667,0.8333333333333334,0.8333333333333334,0.5447630862178706,-0.009020695943101344,19
attn_ml_gcn,0.5674603174603174,222.12431578877423,48.125,270.24931578877425,0.78115830956771,0.7337445164642618,0.08711944153719946,0.3232260060620083,1.0,1.5,1.375,0.6666666666666666,0.7083333333333334,0.5632023909838595,-0.03942786804595234,19
ml_gcn,0.5674603174603174,222.12431578877423,48.125,270.24931578877425,0.78115830956771,0.7337445164642618,0.08711944153719946,0.3232260060620083,1.0,1.5,1.375,0.6666666666666666,0.7083333333333334,0.5632023909838595,-0.03942786804595234,19
flat_mlp_stable,0.46428571428571425,222.16112349199628,35.0,257.1611234919963,0.7811220458206933,0.7466392872000037,0.0880224862093752,0.2601813087748242,1.0,1.5,1.0,0.5,0.5,0.5679456121750366,-0.08594844013786053,19
rsrp_sleep,0.314484126984127,223.57984190678522,75.83333333333333,299.41317524011856,0.7797242936878964,0.7050116500097353,0.10542694372046658,0.5018091276039018,1.0,1.625,2.1666666666666665,1.0833333333333333,1.0833333333333333,0.4382481048701512,0.06423193426445065,19
sinr_sleep,0.314484126984127,223.57984190678522,75.83333333333333,299.41317524011856,0.7797242936878964,0.7050116500097353,0.10542694372046658,0.5018091276039018,1.0,1.625,2.1666666666666665,1.0833333333333333,1.0833333333333333,0.4382481048701512,0.06423193426445065,19
agg_gcn,0.45337301587301587,226.37982728802317,49.583333333333336,275.9631606213565,0.7769656874009624,0.7281151126883186,0.10428485680259443,0.3416599369556667,1.0,1.5416666666666667,1.4166666666666667,0.7083333333333334,0.7083333333333334,0.5642091951334393,-0.019118621021704585,19
agg_gcn_stable_search,0.4384920634920635,227.83545649805032,21.875,249.71045649805032,0.7755315699526598,0.7539798458147288,0.12308945199003966,0.23294752066061875,1.0,1.5833333333333333,0.625,0.2916666666666667,0.3333333333333333,0.5292857450650699,-0.1124310347670664,19
flat_mlp,0.4930555555555555,227.84469109419766,49.583333333333336,277.428024427531,0.7755224718283767,0.726671897115733,0.11368818016627326,0.35839841496406805,1.0,1.5833333333333333,1.4166666666666667,0.7083333333333334,0.7083333333333334,0.5256117238963872,-0.013911920145469466,19
ml_gcn_stable_search,0.42658730158730157,228.06275464211987,21.875,249.93775464211987,0.7753076308944632,0.7537559067565321,0.12399552836465316,0.23385359703523226,1.0,1.5833333333333333,0.625,0.2916666666666667,0.3333333333333333,0.5321874860654606,-0.1116231279562727,19
attn_ml_gcn_stable_search,0.42658730158730157,228.15044208020956,21.875,250.02544208020956,0.7752212393298428,0.7536695151919117,0.12446215711397128,0.23432022578455036,1.0,1.5833333333333333,0.625,0.2916666666666667,0.3333333333333333,0.5326284767888062,-0.11131145238697271,19
flat_mlp_stable_search,0.4444444444444444,228.35832562107097,21.875,250.23332562107097,0.7750164279595361,0.753464703821605,0.12558372196014103,0.23544179063072013,1.0,1.5833333333333333,0.625,0.2916666666666667,0.3333333333333333,0.5350724426455756,-0.11057255269555043,19
greedy_sleep,0.31845238095238093,237.79970045272418,90.41666666666667,328.21636711939084,0.7657145808347545,0.6766341210646396,0.18746122811134194,0.6477623020622931,1.0,1.7916666666666667,2.5833333333333335,1.2916666666666667,1.2916666666666667,0.38818418849510355,0.1666097824739866,19
load_sleep,0.31845238095238093,237.79970045272418,90.41666666666667,328.21636711939084,0.7657145808347545,0.6766341210646396,0.18746122811134194,0.6477623020622931,1.0,1.7916666666666667,2.5833333333333335,1.2916666666666667,1.2916666666666667,0.38818418849510355,0.1666097824739866,19
rsrp,0.2123015873015873,687.3252372570483,0.0,687.3252372570483,0.3228322785644843,0.3228322785644843,2.479604451147567,2.479604451147567,1.0,7.0,0.0,0.0,0.0,0.20537751214506608,1.4430236449288703,19
sinr,0.2123015873015873,687.3252372570483,0.0,687.3252372570483,0.3228322785644843,0.3228322785644843,2.479604451147567,2.479604451147567,1.0,7.0,0.0,0.0,0.0,0.20537751214506608,1.4430236449288703,19
load_aware,0.21626984126984125,692.017257230062,0.0,692.017257230062,0.3182095987881163,0.3182095987881163,2.501603074235486,2.501603074235486,1.0,7.0,0.0,0.0,0.0,0.1958813808740413,1.4597009253707989,19
flat_mlp_search,0.9295634920634921,194.30142913941805,55.416666666666664,249.71809580608473,0.8085700205522975,0.7539723194028722,-0.0008680122915316357,0.2833708670184498,1.0,1.1666666666666667,1.5833333333333333,0.7916666666666666,0.7916666666666666,0.7201729497615149,-0.012421081814186762,23
agg_gcn_search,0.9702380952380952,194.32127553887025,58.333333333333336,252.65460887220357,0.8085504674493889,0.7510792030815728,-0.0007895845140357834,0.294884798508999,1.0,1.1666666666666667,1.6666666666666667,0.8333333333333334,0.8333333333333334,0.7210048527474489,-0.0008078329316222785,23
oracle,1.0,194.52554326644056,58.333333333333336,252.8588765997739,0.8083492184567088,0.7508779540888927,0.0,0.2956743830230348,1.0,1.1666666666666667,1.6666666666666667,0.8333333333333334,0.8333333333333334,0.721694338459002,1.124014699922519e-16,23
attn_ml_gcn_search,0.9454365079365079,194.61764524389056,61.25,255.86764524389056,0.8082584775922261,0.7479136500060192,0.00035293930595347656,0.3127577932097884,1.0,1.1666666666666667,1.75,0.875,0.875,0.7239026522396806,0.011899003446412431,23
ml_gcn_search,0.9454365079365079,194.61764524389056,61.25,255.86764524389056,0.8082584775922261,0.7479136500060192,0.00035293930595347656,0.3127577932097884,1.0,1.1666666666666667,1.75,0.875,0.875,0.7239026522396806,0.011899003446412431,23
flat_mlp_stable_search,0.7063492063492064,201.41121291517652,43.75,245.16121291517652,0.8015653074727326,0.7584618591968705,0.034486621296669795,0.2678616070769028,1.0,1.2083333333333333,1.25,0.625,0.625,0.7497109052446951,-0.030442529003169044,23
agg_gcn_stable_search,0.5962301587301587,210.38407744365213,35.0,245.38407744365213,0.7927250468535446,0.758242288232855,0.08245457542904487,0.2696902685272542,1.0,1.3333333333333333,1.0,0.5,0.5,0.6812398558939873,-0.02956114990557714,23
attn_ml_gcn_stable_search,0.5962301587301587,210.44368540015398,35.0,245.44368540015398,0.7926663198028039,0.7581835611821143,0.08276805316115424,0.2700037462593636,1.0,1.3333333333333333,1.0,0.5,0.5,0.6827286537392109,-0.029325413840846467,23
ml_gcn_stable_search,0.5962301587301587,210.44368540015398,35.0,245.44368540015398,0.7926663198028039,0.7581835611821143,0.08276805316115424,0.2700037462593636,1.0,1.3333333333333333,1.0,0.5,0.5,0.6827286537392109,-0.029325413840846467,23
flat_mlp_pruned,0.5515873015873015,215.84878943349972,61.25,277.0987894334997,0.7873410941541875,0.7269962665679807,0.11005659512288564,0.4265059152977592,1.0,1.4583333333333333,1.75,0.875,0.875,0.570274812359379,0.09586340475637266,23
flat_mlp_stable,0.5277777777777778,217.59766906162574,46.666666666666664,264.2643357282924,0.7856180600378071,0.7396410485435543,0.1198079069450455,0.36176930610928726,1.0,1.4583333333333333,1.3333333333333333,0.6666666666666666,0.6666666666666666,0.5948871548145216,0.045106026262115864,23
attn_ml_gcn_pruned,0.5386904761904762,219.50970413649335,62.708333333333336,282.2180374698267,0.7837342816389228,0.7219526724435205,0.13104708980685195,0.44849335842983074,1.0,1.5,1.7916666666666667,0.9166666666666666,0.875,0.5554634968544744,0.11610887964404992,23
ml_gcn_pruned,0.5099206349206349,220.0027092870146,56.875,276.8777092870146,0.7832485622788034,0.7272140795201826,0.13298003685691154,0.42762596995120367,1.0,1.5,1.625,0.8333333333333334,0.7916666666666666,0.5605491048791894,0.09498908248832355,23
attn_ml_gcn_stable,0.566468253968254,220.8673573913244,48.125,268.9923573913244,0.7823966922252962,0.734982899121848,0.13674539993481705,0.38990832729025854,1.0,1.5,1.375,0.7083333333333334,0.6666666666666666,0.58223536882076,0.06380428881318909,23
ml_gcn_stable,0.566468253968254,220.8673573913244,48.125,268.9923573913244,0.7823966922252962,0.734982899121848,0.13674539993481705,0.38990832729025854,1.0,1.5,1.375,0.7083333333333334,0.6666666666666666,0.58223536882076,0.06380428881318909,23
agg_gcn_pruned,0.503968253968254,221.31694400810238,65.625,286.9419440081024,0.7819537497457119,0.7172985773319188,0.1388830896284565,0.4780765147178429,1.0,1.5,1.875,0.9583333333333334,0.9166666666666666,0.571788528265365,0.13479086780202432,23
agg_gcn_stable,0.5228174603174603,221.80313022487894,42.291666666666664,264.09479689154557,0.7814747485469172,0.7398080818802506,0.140720478413421,0.35830415433372215,1.0,1.5,1.2083333333333333,0.625,0.5833333333333334,0.5761525447227945,0.044435538284684994,23
flat_mlp,0.48115079365079366,224.2649170399194,65.625,289.8899170399194,0.7790493428178134,0.7143941704040203,0.15412670203679965,0.49382625870694064,1.0,1.5416666666666667,1.875,0.9166666666666666,0.9583333333333334,0.5491119351477249,0.1464494382720778,23
rsrp_sleep,0.2787698412698412,227.0944189501264,77.29166666666667,304.386085616793,0.776261656206772,0.7001122309194158,0.17730435590758942,0.5822332569269787,1.0,1.625,2.2083333333333335,1.0833333333333333,1.125,0.5138264259012285,0.2037785254364498,23
sinr_sleep,0.2787698412698412,227.0944189501264,77.29166666666667,304.386085616793,0.776261656206772,0.7001122309194158,0.17730435590758942,0.5822332569269787,1.0,1.625,2.2083333333333335,1.0833333333333333,1.125,0.5138264259012285,0.2037785254364498,23
agg_gcn,0.3978174603174603,230.49085662683862,56.875,287.3658566268386,0.7729154121903067,0.716880929431686,0.1881998843589712,0.48676938892598676,1.0,1.625,1.625,0.8333333333333334,0.7916666666666666,0.510660044697753,0.13646734688963486,23
attn_ml_gcn,0.3978174603174603,231.2941450102165,55.416666666666664,286.71081167688317,0.7721239950638261,0.7175262939144008,0.19218342583494494,0.4784958493559166,1.0,1.625,1.5833333333333333,0.7916666666666666,0.7916666666666666,0.5173710909052909,0.13387679140365033,23
ml_gcn,0.3978174603174603,231.2941450102165,55.416666666666664,286.71081167688317,0.7721239950638261,0.7175262939144008,0.19218342583494494,0.4784958493559166,1.0,1.625,1.5833333333333333,0.7916666666666666,0.7916666666666666,0.5173710909052909,0.13387679140365033,23
greedy_sleep,0.22420634920634921,237.2397471206325,86.04166666666667,323.2814137872992,0.7662662589944507,0.681496144051922,0.23272168794161494,0.6796511583438082,1.0,1.75,2.4583333333333335,1.2083333333333333,1.25,0.4530182983945124,0.27850529961418125,23
load_sleep,0.22420634920634921,237.2397471206325,86.04166666666667,323.2814137872992,0.7662662589944507,0.681496144051922,0.23272168794161494,0.6796511583438082,1.0,1.75,2.4583333333333335,1.2083333333333333,1.25,0.4530182983945124,0.27850529961418125,23
rsrp,0.17460317460317462,691.0196705785866,0.0,691.0196705785866,0.31919244277971764,0.31919244277971764,2.6205343090101607,2.6205343090101607,1.0,7.0,0.0,0.0,0.0,0.21742254249630752,1.7328274169007538,23
sinr,0.17460317460317462,691.0196705785866,0.0,691.0196705785866,0.31919244277971764,0.31919244277971764,2.6205343090101607,2.6205343090101607,1.0,7.0,0.0,0.0,0.0,0.21742254249630752,1.7328274169007538,23
load_aware,0.17361111111111108,696.8579493393681,0.0,696.8579493393681,0.3134404440006226,0.3134404440006226,2.6510821439894037,2.6510821439894037,1.0,7.0,0.0,0.0,0.0,0.2168899136990329,1.755916496624945,23
agg_gcn_search,0.8690476190476191,195.79264808004302,62.708333333333336,258.50098141337634,0.8071008393300069,0.7453192301346045,-0.0011685681625845535,0.31984844228021414,1.0,1.2083333333333333,1.7916666666666667,0.9166666666666666,0.875,0.6820540160571874,0.010229970543231756,29
flat_mlp_search,0.9097222222222222,195.96130180590967,65.625,261.58630180590967,0.8069346780237344,0.7422795056099413,-0.0005170941480281636,0.3368426912611184,1.0,1.2083333333333333,1.875,0.9583333333333334,0.9166666666666666,0.6817440201909016,0.022287499734121304,29
attn_ml_gcn_search,0.8809523809523809,196.00041038718226,62.708333333333336,258.7087437205156,0.8068961474017908,0.7451145382063885,-0.0003807062310934208,0.32063630421170525,1.0,1.2083333333333333,1.7916666666666667,0.9166666666666666,0.875,0.6827496875469429,0.011041912177935468,29
ml_gcn_search,0.8809523809523809,196.00041038718226,62.708333333333336,258.7087437205156,0.8068961474017908,0.7451145382063885,-0.0003807062310934208,0.32063630421170525,1.0,1.2083333333333333,1.7916666666666667,0.9166666666666666,0.875,0.6827496875469429,0.011041912177935468,29
oracle,1.0,196.09163609693314,59.791666666666664,255.8833027635998,0.8068062698552382,0.7478982238782268,0.0,0.30494386566943793,1.0,1.2083333333333333,1.7083333333333333,0.875,0.8333333333333334,0.6825192812176296,-2.2214586980426514e-16,29
attn_ml_gcn_stable_search,0.47321428571428575,211.56887298902197,30.625,242.19387298902197,0.7915577606019487,0.7613853468088454,0.08289651395175508,0.24556126272052392,1.0,1.375,0.875,0.4583333333333333,0.4166666666666667,0.6402086946379967,-0.053498722373553985,29
ml_gcn_stable_search,0.47321428571428575,211.56887298902197,30.625,242.19387298902197,0.7915577606019487,0.7613853468088454,0.08289651395175508,0.24556126272052392,1.0,1.375,0.875,0.4583333333333333,0.4166666666666667,0.6402086946379967,-0.053498722373553985,29
agg_gcn_stable_search,0.47420634920634924,211.73874133291426,30.625,242.36374133291426,0.7913904026276707,0.7612179888345673,0.08362938538488364,0.2462941341536525,1.0,1.375,0.875,0.4583333333333333,0.4166666666666667,0.6449291609957046,-0.05283487153976502,29
flat_mlp_pruned,0.6041666666666666,211.88863233342548,48.125,260.0136323334255,0.791242726765098,0.7438289336616498,0.0799475842463121,0.32461142932178205,1.0,1.375,1.375,0.7083333333333334,0.6666666666666666,0.6396601209064757,0.01614145794280876,29
attn_ml_gcn_pruned,0.6220238095238095,211.91305427644568,51.041666666666664,262.95472094311236,0.791218665737492,0.7409313094156529,0.08006826388545649,0.33985768074988787,1.0,1.375,1.4583333333333333,0.75,0.7083333333333334,0.6422128843494016,0.027635324787274224,29
ml_gcn_pruned,0.6160714285714286,211.97224289606706,51.041666666666664,263.0139095627337,0.791160351826535,0.7408729955046959,0.0803029969055267,0.3400924137699581,1.0,1.375,1.4583333333333333,0.75,0.7083333333333334,0.6424557511089728,0.027866635775455558,29
flat_mlp_stable_search,0.4583333333333333,212.03300624102872,30.625,242.65800624102872,0.7911004864620407,0.7609280726689372,0.08477024231884313,0.247434991087612,1.0,1.375,0.875,0.4583333333333333,0.4166666666666667,0.6456410993630285,-0.05168487501816191,29
agg_gcn_pruned,0.6626984126984127,213.80432068345894,51.041666666666664,264.8459873501256,0.7893553490803361,0.739067992758497,0.08749112131683141,0.34509192717733467,1.0,1.4166666666666667,1.4583333333333333,0.75,0.7083333333333334,0.6244826500773876,0.03502645342516154,29
agg_gcn_stable,0.4513888888888889,216.92642568148707,39.375,256.30142568148705,0.7862793835650373,0.7474862801167615,0.10777776845648496,0.3122706315704837,1.0,1.4166666666666667,1.125,0.5833333333333334,0.5416666666666666,0.65634968686992,0.0016340375216802462,29
attn_ml_gcn_stable,0.4513888888888889,216.92642568148707,39.375,256.30142568148705,0.7862793835650373,0.7474862801167615,0.10777776845648496,0.3122706315704837,1.0,1.4166666666666667,1.125,0.5833333333333334,0.5416666666666666,0.65634968686992,0.0016340375216802462,29
flat_mlp_stable,0.4513888888888889,216.92642568148707,39.375,256.30142568148705,0.7862793835650373,0.7474862801167615,0.10777776845648496,0.3122706315704837,1.0,1.4166666666666667,1.125,0.5833333333333334,0.5416666666666666,0.65634968686992,0.0016340375216802462,29
ml_gcn_stable,0.4513888888888889,216.92642568148707,39.375,256.30142568148705,0.7862793835650373,0.7474862801167615,0.10777776845648496,0.3122706315704837,1.0,1.4166666666666667,1.125,0.5833333333333334,0.5416666666666666,0.65634968686992,0.0016340375216802462,29
agg_gcn,0.5892857142857143,219.7915325775666,45.208333333333336,264.9998659108999,0.7834566181501806,0.7389163882651232,0.11659838181661901,0.3470145523700147,1.0,1.4583333333333333,1.2916666666666667,0.6666666666666666,0.625,0.6281434635166124,0.03562781568331753,29
attn_ml_gcn,0.5892857142857143,219.7915325775666,45.208333333333336,264.9998659108999,0.7834566181501806,0.7389163882651232,0.11659838181661901,0.3470145523700147,1.0,1.4583333333333333,1.2916666666666667,0.6666666666666666,0.625,0.6281434635166124,0.03562781568331753,29
ml_gcn,0.5892857142857143,219.7915325775666,45.208333333333336,264.9998659108999,0.7834566181501806,0.7389163882651232,0.11659838181661901,0.3470145523700147,1.0,1.4583333333333333,1.2916666666666667,0.6666666666666666,0.625,0.6281434635166124,0.03562781568331753,29
rsrp_sleep,0.3194444444444444,221.60815323777356,75.83333333333333,297.4414865711069,0.7816668441007156,0.7069542004225547,0.13955442222650688,0.523279756158303,1.0,1.5416666666666667,2.1666666666666665,1.0833333333333333,1.0833333333333333,0.5480381733255514,0.16241069018051935,29
sinr_sleep,0.3194444444444444,221.60815323777356,75.83333333333333,297.4414865711069,0.7816668441007156,0.7069542004225547,0.13955442222650688,0.523279756158303,1.0,1.5416666666666667,2.1666666666666665,1.0833333333333333,1.0833333333333333,0.5480381733255514,0.16241069018051935,29
flat_mlp,0.5694444444444444,223.84426002418707,45.208333333333336,269.0525933575204,0.779463783227402,0.7349235533423445,0.13943031438074352,0.3722787997883721,1.0,1.5,1.2916666666666667,0.6666666666666666,0.625,0.6193069269115418,0.051466002086455374,29
greedy_sleep,0.29365079365079366,229.62344469125057,70.0,299.62344469125054,0.773770005230295,0.7048044879889157,0.18385404220946364,0.5602769885850221,1.0,1.625,2.0,1.0,1.0,0.5293748788739301,0.17093785118156152,29
load_sleep,0.29365079365079366,229.62344469125057,70.0,299.62344469125054,0.773770005230295,0.7048044879889157,0.18385404220946364,0.5602769885850221,1.0,1.625,2.0,1.0,1.0,0.5293748788739301,0.17093785118156152,29
rsrp,0.1875,690.455043770697,0.0,690.455043770697,0.319748725349067,0.319748725349067,2.595520619923939,2.595520619923939,1.0,7.0,0.0,0.0,0.0,0.212173014112459,1.6983200400871026,29
sinr,0.1875,690.455043770697,0.0,690.455043770697,0.319748725349067,0.319748725349067,2.595520619923939,2.595520619923939,1.0,7.0,0.0,0.0,0.0,0.212173014112459,1.6983200400871026,29
load_aware,0.1775793650793651,694.512924304932,0.0,694.512924304932,0.3157508134926779,0.3157508134926779,2.6167779432900593,2.6167779432900593,1.0,7.0,0.0,0.0,0.0,0.20578329364607964,1.7141783649188087,29
flat_mlp_search,0.9543650793650794,200.69627777974995,70.0,270.69627777974995,0.8022696770642858,0.7333041598229064,-0.00022828336481382758,0.34823946606584194,1.0,1.2916666666666667,2.0,1.0,1.0,0.6183067274530617,-0.010896911155508615,31
oracle,1.0,200.7618617221061,72.91666666666667,273.67852838877275,0.8022050623427526,0.7303659818829825,0.0,0.3644365814040229,1.0,1.2916666666666667,2.0833333333333335,1.0416666666666667,1.0416666666666667,0.6184810794267496,0.0,31
agg_gcn_search,0.9751984126984127,200.8824624407482,72.91666666666667,273.7991291074149,0.8020862439007407,0.7302471634409705,0.0005044419201541343,0.36494102332417705,1.0,1.2916666666666667,2.0833333333333335,1.0416666666666667,1.0416666666666667,0.6211392704135281,0.00044066562090991964,31
attn_ml_gcn_search,0.9484126984126985,200.90908015418327,75.83333333333333,276.7424134875166,0.8020600195525288,0.7273473758743679,0.0006127496221337998,0.3766135792310277,1.0,1.2916666666666667,2.1666666666666665,1.0833333333333333,1.0833333333333333,0.6208223420493334,0.011195197214709806,31
ml_gcn_search,0.8878968253968255,200.98989370274634,67.08333333333333,268.0732270360797,0.8019804002928607,0.7358884462698723,0.0012000628543287733,0.33305218015426225,1.0,1.2916666666666667,1.9166666666666667,0.9583333333333334,0.9583333333333334,0.6235722087906972,-0.02048133401510577,31
attn_ml_gcn_stable_search,0.6994047619047619,208.876284268165,40.833333333333336,249.7096176014983,0.794210557371266,0.7539806723137947,0.04096222853363551,0.256712566591317,1.0,1.3333333333333333,1.1666666666666667,0.5833333333333334,0.5833333333333334,0.6583300221137339,-0.08758053080885292,31
ml_gcn_stable_search,0.6994047619047619,208.876284268165,40.833333333333336,249.7096176014983,0.794210557371266,0.7539806723137947,0.04096222853363551,0.256712566591317,1.0,1.3333333333333333,1.1666666666666667,0.5833333333333334,0.5833333333333334,0.6583300221137339,-0.08758053080885292,31
agg_gcn_pruned,0.6001984126984127,222.6962411687845,70.0,292.6962411687845,0.7805948362869118,0.7116293190455325,0.11669589079818021,0.47237213313034143,1.0,1.5,2.0,1.0,1.0,0.5943311604625802,0.06948923940790946,31
flat_mlp_pruned,0.5615079365079365,223.8797210722021,59.791666666666664,283.67138773886876,0.7794288462342837,0.7205208002572722,0.12265244311044833,0.41838647874330354,1.0,1.5416666666666667,1.7083333333333333,0.8333333333333334,0.875,0.5530684573065557,0.03651312877530788,31
attn_ml_gcn_pruned,0.5823412698412699,225.73660580450726,64.16666666666667,289.9032724711739,0.7775994031482688,0.714381012343671,0.13379181725136569,0.45629417525340465,1.0,1.5416666666666667,1.8333333333333333,0.9166666666666666,0.9166666666666666,0.5740552311800446,0.05928394959561164,31
ml_gcn_pruned,0.5823412698412699,225.73660580450726,64.16666666666667,289.9032724711739,0.7775994031482688,0.714381012343671,0.13379181725136569,0.45629417525340465,1.0,1.5416666666666667,1.8333333333333333,0.9166666666666666,0.9166666666666666,0.5740552311800446,0.05928394959561164,31
flat_mlp_stable_search,0.4871031746031746,226.60283247604733,23.333333333333332,249.93616580938067,0.7767459778561109,0.7537574721089846,0.13782611228764657,0.25915038516606753,1.0,1.5416666666666667,0.6666666666666666,0.3333333333333333,0.3333333333333333,0.5838809587421733,-0.08675274132454036,31
agg_gcn_stable,0.6458333333333334,227.5728912690311,49.583333333333336,277.1562246023644,0.7757902549073585,0.7269396801947149,0.13881482331206998,0.38883254236863674,1.0,1.5416666666666667,1.4166666666666667,0.7083333333333334,0.7083333333333334,0.6009554428956035,0.012707230757435975,31
attn_ml_gcn_stable,0.5882936507936508,227.62445259093613,46.666666666666664,274.2911192576028,0.7757394555754323,0.7297624440811795,0.142358342487417,0.3760879009934465,1.0,1.5416666666666667,1.3333333333333333,0.6666666666666666,0.6666666666666666,0.5857383772452013,0.0022383592620019324,31
ml_gcn_stable,0.5882936507936508,227.62445259093613,46.666666666666664,274.2911192576028,0.7757394555754323,0.7297624440811795,0.142358342487417,0.3760879009934465,1.0,1.5416666666666667,1.3333333333333333,0.6666666666666666,0.6666666666666666,0.5857383772452013,0.0022383592620019324,31
flat_mlp_stable,0.5466269841269841,227.7688131729967,45.208333333333336,272.97714650633,0.7755972284009885,0.731056998515931,0.1401811675160379,0.36787992774468886,1.0,1.5416666666666667,1.2916666666666667,0.625,0.6666666666666666,0.5877408720101205,-0.0025627947014039395,31
agg_gcn_stable_search,0.4930555555555556,230.19961912937194,20.416666666666668,250.6162857960386,0.7732023456853478,0.7530874031566123,0.15701751463894595,0.2623836575914234,1.0,1.5833333333333333,0.5833333333333334,0.2916666666666667,0.2916666666666667,0.569123213183018,-0.0842676359322321,31
agg_gcn,0.48412698412698413,234.74926375929115,86.04166666666667,320.7909304259578,0.7687199371829644,0.6839498222404355,0.17883980046898607,0.599823405844304,1.0,1.625,2.4583333333333335,1.2083333333333333,1.25,0.5548776452052512,0.17214504299825728,31
attn_ml_gcn,0.48313492063492064,234.92309307800906,80.20833333333333,315.1314264113424,0.7685486767704344,0.6895256882646873,0.18179251068261001,0.5740488204828876,1.0,1.625,2.2916666666666665,1.125,1.1666666666666667,0.5594910850507447,0.15146565668346443,31
ml_gcn,0.48313492063492064,234.92309307800906,80.20833333333333,315.1314264113424,0.7685486767704344,0.6895256882646873,0.18179251068261001,0.5740488204828876,1.0,1.625,2.2916666666666665,1.125,1.1666666666666667,0.5594910850507447,0.15146565668346443,31
rsrp_sleep,0.2390873015873016,235.73396990663204,83.125,318.858969906632,0.7677497833432197,0.6858532316190818,0.19741982183852158,0.615623963036212,1.0,1.7083333333333333,2.375,1.2083333333333333,1.1666666666666667,0.5045067291603141,0.16508580992396452,31
sinr_sleep,0.2390873015873016,235.73396990663204,83.125,318.858969906632,0.7677497833432197,0.6858532316190818,0.19741982183852158,0.615623963036212,1.0,1.7083333333333333,2.375,1.2083333333333333,1.1666666666666667,0.5045067291603141,0.16508580992396452,31
flat_mlp,0.4861111111111111,237.17030589227534,83.125,320.29530589227534,0.7663346739977582,0.6844381222736203,0.1941709178854801,0.6063953701592192,1.0,1.6666666666666667,2.375,1.1666666666666667,1.2083333333333333,0.527235009181298,0.1703340696033024,31
greedy_sleep,0.24404761904761904,237.66589707893368,97.70833333333333,335.374230412267,0.7658464068187846,0.6695820390026926,0.2067883726535833,0.7027719483843681,1.0,1.75,2.7916666666666665,1.4166666666666667,1.375,0.4623954593466603,0.2254312838742422,31
load_sleep,0.24404761904761904,237.66589707893368,97.70833333333333,335.374230412267,0.7658464068187846,0.6695820390026926,0.2067883726535833,0.7027719483843681,1.0,1.75,2.7916666666666665,1.4166666666666667,1.375,0.4623954593466603,0.2254312838742422,31
rsrp,0.2123015873015873,690.1443653538887,0.0,690.1443653538887,0.32005481245922296,0.32005481245922296,2.531052076893984,2.531052076893984,1.0,7.0,0.0,0.0,0.0,0.21357178747393246,1.52173369031533,31
sinr,0.2123015873015873,690.1443653538887,0.0,690.1443653538887,0.32005481245922296,0.32005481245922296,2.531052076893984,2.531052076893984,1.0,7.0,0.0,0.0,0.0,0.21357178747393246,1.52173369031533,31
load_aware,0.21329365079365079,695.5547694465625,0.0,695.5547694465625,0.31472436507727836,0.31472436507727836,2.558485842069304,2.558485842069304,1.0,7.0,0.0,0.0,0.0,0.2078532025083075,1.5415028849413261,31
oracle,1.0,205.806440617755,81.66666666666667,287.47310728442164,0.7972350338741331,0.7167752637591905,0.0,0.4045006373735261,1.0,1.375,2.3333333333333335,1.1666666666666667,1.1666666666666667,0.5668779523145111,1.977347355993477e-16,37
attn_ml_gcn_search,0.8799603174603176,206.06433291578995,87.5,293.56433291579,0.7969809527923252,0.710774056240601,0.0010105156549576825,0.42849300307900684,1.0,1.375,2.5,1.25,1.25,0.5706821367740853,0.021188853764125562,37
agg_gcn_search,0.8402777777777778,206.0820649296628,87.5,293.5820649296628,0.7969634828279184,0.7107565862761943,0.0010744078375597146,0.4244709306857814,1.0,1.375,2.5,1.25,1.25,0.5699797265134409,0.021250536103876692,37
ml_gcn_search,0.8382936507936508,206.11706950338484,84.58333333333333,290.7004028367182,0.7969289955631677,0.7135956622298343,0.0012166408401841013,0.4132178967525209,1.0,1.375,2.4166666666666665,1.2083333333333333,1.2083333333333333,0.5713224765273645,0.011226425952614614,37
flat_mlp_search,0.8134920634920634,206.30067019870094,84.58333333333333,290.8840035320343,0.7967481081786199,0.7134147748452865,0.0019406606987893982,0.4177593486400795,1.0,1.375,2.4166666666666665,1.2083333333333333,1.2083333333333333,0.5723490530091312,0.011865096807952918,37
agg_gcn_stable,0.4712301587301588,214.88161245500098,36.458333333333336,251.3399457883343,0.7882939778768464,0.7523744376469613,0.042271953747171916,0.22464271708505698,1.0,1.4166666666666667,1.0416666666666667,0.5,0.5416666666666666,0.6164067837356932,-0.1256923189699887,37
attn_ml_gcn_stable,0.4285714285714286,215.43408131434185,36.458333333333336,251.8924146476752,0.7877496735819292,0.7518301333520441,0.04497502900072089,0.22734579233860594,1.0,1.4166666666666667,1.0416666666666667,0.5,0.5416666666666666,0.6242606151878681,-0.12377050838895823,37
ml_gcn_stable,0.4285714285714286,215.43408131434185,36.458333333333336,251.8924146476752,0.7877496735819292,0.7518301333520441,0.04497502900072089,0.22734579233860594,1.0,1.4166666666666667,1.0416666666666667,0.5,0.5416666666666666,0.6242606151878681,-0.12377050838895823,37
ml_gcn_pruned,0.48214285714285715,215.77529505307862,62.708333333333336,278.48362838641197,0.78741350241076,0.7256318932153577,0.050932270196374106,0.3552370283216904,1.0,1.4583333333333333,1.7916666666666667,0.875,0.9166666666666666,0.577337211936756,-0.03127067774418136,37
agg_gcn_pruned,0.44246031746031744,215.91262700107544,62.708333333333336,278.62096033440884,0.7872781999989406,0.7254965908035381,0.0512692393663246,0.3564163522566053,1.0,1.4583333333333333,1.7916666666666667,0.875,0.9166666666666666,0.5810184632266514,-0.03079295671735503,37
attn_ml_gcn_pruned,0.4791666666666667,216.03307656830177,56.875,272.90807656830174,0.7871595304745796,0.7311250477159589,0.05241288220487839,0.32316079569659384,1.0,1.4583333333333333,1.625,0.7916666666666666,0.8333333333333334,0.5796668602176773,-0.05066571566887273,37
flat_mlp_pruned,0.49503968253968256,218.20561659782823,51.041666666666664,269.2472832644949,0.7850190969479525,0.7347317406261133,0.06285257819860991,0.3073854363780699,1.0,1.4583333333333333,1.4583333333333333,0.7083333333333334,0.75,0.6006146944779333,-0.06340010094194418,37
attn_ml_gcn_stable_search,0.4226190476190476,218.95695404769512,29.166666666666668,248.12362071436178,0.784278863007197,0.7555432308232889,0.06549040718502812,0.21591964843862832,1.0,1.4583333333333333,0.8333333333333334,0.4166666666666667,0.4166666666666667,0.6121204143049569,-0.13688058316748222,37
ml_gcn_stable_search,0.4226190476190476,218.95695404769512,29.166666666666668,248.12362071436178,0.784278863007197,0.7555432308232889,0.06549040718502812,0.21591964843862832,1.0,1.4583333333333333,0.8333333333333334,0.4166666666666667,0.4166666666666667,0.6121204143049569,-0.13688058316748222,37
agg_gcn_stable_search,0.4226190476190476,219.1513778163073,29.166666666666668,248.31804448297396,0.784087312496249,0.7553516803123409,0.06646037553617448,0.2168896167897747,1.0,1.4583333333333333,0.8333333333333334,0.4166666666666667,0.4166666666666667,0.6133660758235452,-0.13620426331812732,37
flat_mlp_stable_search,0.4226190476190476,219.21456192859122,29.166666666666668,248.38122859525788,0.7840250621393191,0.755289429955411,0.06654012772436876,0.21696936897796895,1.0,1.4583333333333333,0.8333333333333334,0.4166666666666667,0.4166666666666667,0.6147032590816819,-0.13598447193353216,37
flat_mlp_stable,0.4464285714285714,220.10193636132271,36.458333333333336,256.56026969465603,0.7831508016144605,0.7472312613845754,0.0712727707450397,0.253617483198703,1.0,1.4583333333333333,1.0416666666666667,0.5,0.5416666666666666,0.623547786935205,-0.10753297197703039,37
agg_gcn,0.44940476190476186,226.33872450734114,59.791666666666664,286.1303911740078,0.777006182751388,0.7180981367743766,0.09910375378609831,0.39030407001679673,1.0,1.5416666666666667,1.7083333333333333,0.8333333333333334,0.875,0.585687435029073,-0.0046707538075390345,37
flat_mlp,0.44940476190476186,226.46497445752541,56.875,283.33997445752544,0.7768817985640144,0.7208473158053937,0.09981754882046874,0.36995761817465805,1.0,1.5416666666666667,1.625,0.7916666666666666,0.8333333333333334,0.5879828886687871,-0.014377459046306145,37
attn_ml_gcn,0.43452380952380953,229.32664163549086,59.791666666666664,289.1183083021575,0.7740624220339991,0.7151543760569877,0.11859553165426658,0.3976647364836338,1.0,1.5416666666666667,1.7083333333333333,0.8333333333333334,0.875,0.6067426484819015,0.005722973648829666,37
ml_gcn,0.43452380952380953,229.32664163549086,59.791666666666664,289.1183083021575,0.7740624220339991,0.7151543760569877,0.11859553165426658,0.3976647364836338,1.0,1.5416666666666667,1.7083333333333333,0.8333333333333334,0.875,0.6067426484819015,0.005722973648829666,37
greedy_sleep,0.45436507936507936,236.56828477559012,81.66666666666667,318.2349514422568,0.76692779825065,0.6864680281357076,0.17172404863100288,0.5835091219795575,1.0,1.75,2.3333333333333335,1.1666666666666667,1.1666666666666667,0.4434562166767744,0.10700772829995495,37
load_sleep,0.45436507936507936,236.56828477559012,81.66666666666667,318.2349514422568,0.76692779825065,0.6864680281357076,0.17172404863100288,0.5835091219795575,1.0,1.75,2.3333333333333335,1.1666666666666667,1.1666666666666667,0.4434562166767744,0.10700772829995495,37
rsrp_sleep,0.31845238095238093,244.33815056942504,93.33333333333333,337.6714839027584,0.7592727580596798,0.667318735071174,0.21707693933806346,0.6792118424614543,1.0,1.875,2.6666666666666665,1.3333333333333333,1.3333333333333333,0.3813868476331765,0.174619382983436,37
sinr_sleep,0.31845238095238093,244.33815056942504,93.33333333333333,337.6714839027584,0.7592727580596798,0.667318735071174,0.21707693933806346,0.6792118424614543,1.0,1.875,2.6666666666666665,1.3333333333333333,1.3333333333333333,0.3813868476331765,0.174619382983436,37
rsrp,0.20932539682539683,688.5264062650876,0.0,688.5264062650876,0.32164886082257377,0.32164886082257377,2.443805196310197,2.443805196310197,1.0,7.0,0.0,0.0,0.0,0.20514740274118684,1.3950984938005695,37
sinr,0.20932539682539683,688.5264062650876,0.0,688.5264062650876,0.32164886082257377,0.32164886082257377,2.443805196310197,2.443805196310197,1.0,7.0,0.0,0.0,0.0,0.20514740274118684,1.3950984938005695,37
load_aware,0.20734126984126985,692.0897152985436,0.0,692.0897152985436,0.3181382115285284,0.3181382115285284,2.461016268854361,2.461016268854361,1.0,7.0,0.0,0.0,0.0,0.2027204947476493,1.4074937716306117,37
oracle,1.0,205.13594622437859,68.54166666666667,273.67761289104527,0.7978956194833708,0.730366883851187,0.0,0.34338271570758777,1.0,1.375,1.9583333333333333,0.9583333333333334,1.0,0.5525440976581176,0.0,41
agg_gcn_search,0.8839285714285715,205.36813134677638,77.29166666666667,282.65979801344304,0.7976668656682007,0.7215174403808443,0.0008995387267670421,0.37879907647620037,1.0,1.375,2.2083333333333335,1.0833333333333333,1.125,0.5601948086015106,0.032820313753517336,41
attn_ml_gcn_search,0.8432539682539683,205.60880317546557,77.29166666666667,282.9004698421322,0.7974297505660438,0.7212803252786876,0.0018549818461580728,0.3797545195955914,1.0,1.375,2.2083333333333335,1.0833333333333333,1.125,0.5615170616480484,0.03369971278856008,41
ml_gcn_search,0.8432539682539683,205.60880317546557,77.29166666666667,282.9004698421322,0.7974297505660438,0.7212803252786876,0.0018549818461580728,0.3797545195955914,1.0,1.375,2.2083333333333335,1.0833333333333333,1.125,0.5615170616480484,0.03369971278856008,41
flat_mlp_search,0.8005952380952381,205.6913261786061,80.20833333333333,285.89965951193943,0.7973484471146738,0.7183254586089266,0.002186253517715829,0.39165966821112513,1.0,1.375,2.2916666666666665,1.125,1.1666666666666667,0.5615880876951448,0.04465855461023742,41
agg_gcn_stable_search,0.6398809523809524,216.58494367017144,33.541666666666664,250.1266103368381,0.7866158190441661,0.7535698420326719,0.05702597731793988,0.23641464707161844,1.0,1.4583333333333333,0.9583333333333334,0.4583333333333333,0.5,0.5738804387302706,-0.08605381457921128,41
attn_ml_gcn_stable_search,0.42658730158730157,219.77143985936755,27.708333333333332,247.4797731927009,0.7834764139316576,0.7561775633569449,0.07589623048353208,0.22392514998889892,1.0,1.5,0.7916666666666666,0.375,0.4166666666666667,0.5654530467194653,-0.09572518344338998,41
ml_gcn_stable_search,0.42658730158730157,219.77143985936755,27.708333333333332,247.4797731927009,0.7834764139316576,0.7561775633569449,0.07589623048353208,0.22392514998889892,1.0,1.5,0.7916666666666666,0.375,0.4166666666666667,0.5654530467194653,-0.09572518344338998,41
flat_mlp_stable_search,0.4136904761904762,221.65344096387062,27.708333333333332,249.36177429720397,0.781622225651359,0.7543233750766464,0.0849096561094364,0.23293857561480324,1.0,1.5,0.7916666666666666,0.375,0.4166666666666667,0.5830003786228534,-0.08884847517111956,41
attn_ml_gcn_pruned,0.4236111111111111,228.09315122321615,51.041666666666664,279.1348178898828,0.775277683523925,0.7249903272020859,0.12139994415514803,0.3727316730229227,1.0,1.625,1.4583333333333333,0.7083333333333334,0.75,0.4901621159100249,0.019940268190698253,41
ml_gcn_pruned,0.4236111111111111,228.09315122321615,51.041666666666664,279.1348178898828,0.775277683523925,0.7249903272020859,0.12139994415514803,0.3727316730229227,1.0,1.625,1.4583333333333333,0.7083333333333334,0.75,0.4901621159100249,0.019940268190698253,41
flat_mlp_pruned,0.44047619047619047,228.26069302727834,56.875,285.13569302727836,0.7751126177071149,0.7190781349484943,0.12268058394733095,0.4024358024646211,1.0,1.625,1.625,0.7916666666666666,0.8333333333333334,0.49056184297037264,0.04186707131501731,41
agg_gcn_pruned,0.4603174603174603,228.41224547583226,45.208333333333336,273.6205788091656,0.7749633049499188,0.7304230750648615,0.12309138003791871,0.34173636075554414,1.0,1.625,1.2916666666666667,0.625,0.6666666666666666,0.49346758866420554,-0.00020839878453046213,41
agg_gcn_stable,0.43253968253968256,229.27587260729555,33.541666666666664,262.8175392739622,0.7741124407809896,0.7410664637694954,0.1270105060073201,0.29070226955227296,1.0,1.625,0.9583333333333334,0.4583333333333333,0.5,0.4996449984061686,-0.03968199481996579,41
attn_ml_gcn_stable,0.43253968253968256,229.27587260729555,33.541666666666664,262.8175392739622,0.7741124407809896,0.7410664637694954,0.1270105060073201,0.29070226955227296,1.0,1.625,0.9583333333333334,0.4583333333333333,0.5,0.4996449984061686,-0.03968199481996579,41
flat_mlp_stable,0.43253968253968256,229.27587260729555,33.541666666666664,262.8175392739622,0.7741124407809896,0.7410664637694954,0.1270105060073201,0.29070226955227296,1.0,1.625,0.9583333333333334,0.4583333333333333,0.5,0.4996449984061686,-0.03968199481996579,41
ml_gcn_stable,0.43253968253968256,229.27587260729555,33.541666666666664,262.8175392739622,0.7741124407809896,0.7410664637694954,0.1270105060073201,0.29070226955227296,1.0,1.625,0.9583333333333334,0.4583333333333333,0.5,0.4996449984061686,-0.03968199481996579,41
flat_mlp,0.43253968253968256,229.43483417304765,51.041666666666664,280.47650083971433,0.7739558284009384,0.7236684720790992,0.1273794849964671,0.3796501241815508,1.0,1.625,1.4583333333333333,0.7083333333333334,0.75,0.4996689138987844,0.024842689458036856,41
agg_gcn,0.42559523809523814,230.40334248844093,42.291666666666664,272.6950091551076,0.7730016330163143,0.7313349663496477,0.13104706037756922,0.3397971375443208,1.0,1.625,1.2083333333333333,0.5833333333333334,0.625,0.5103241824629692,-0.0035903694334285014,41
ml_gcn,0.48214285714285715,230.62188079740577,56.875,287.49688079740577,0.7727863243375314,0.7167518415789106,0.13196804079374755,0.41172325931103765,1.0,1.625,1.625,0.7916666666666666,0.8333333333333334,0.5113667513990223,0.050494696151351375,41
attn_ml_gcn,0.48214285714285715,230.9383054641919,59.791666666666664,290.7299721308586,0.7724745758973479,0.7135665299203363,0.13322309251587436,0.42875328991707823,1.0,1.625,1.7083333333333333,0.8333333333333334,0.875,0.51400256343141,0.06230819927021976,41
greedy_sleep,0.29464285714285715,242.84053640519224,107.91666666666667,350.7572030718589,0.7607482399948845,0.6544264009144247,0.21355868961645705,0.7530549244696507,1.0,1.8333333333333333,3.0833333333333335,1.5416666666666667,1.5416666666666667,0.41057141075644027,0.2816437536361443,41
load_sleep,0.29464285714285715,242.84053640519224,107.91666666666667,350.7572030718589,0.7607482399948845,0.6544264009144247,0.21355868961645705,0.7530549244696507,1.0,1.8333333333333333,3.0833333333333335,1.5416666666666667,1.5416666666666667,0.41057141075644027,0.2816437536361443,41
rsrp_sleep,0.27480158730158727,247.83464963119846,102.08333333333333,349.9179829645318,0.755827931397834,0.6552532187541559,0.24168883994076948,0.7629339690350431,1.0,1.9166666666666667,2.9166666666666665,1.4583333333333333,1.4583333333333333,0.3581149678053541,0.27857729855250835,41
sinr_sleep,0.27480158730158727,247.83464963119846,102.08333333333333,349.9179829645318,0.755827931397834,0.6552532187541559,0.24168883994076948,0.7629339690350431,1.0,1.9166666666666667,2.9166666666666665,1.4583333333333333,1.4583333333333333,0.3581149678053541,0.27857729855250835,41
rsrp,0.2142857142857143,685.5609962995178,2.9166666666666665,688.4776629661845,0.324570446995549,0.32169688377715816,2.4487441949046476,2.463185373862792,1.0,6.958333333333333,0.08333333333333333,0.041666666666666664,0.041666666666666664,0.21020425708452992,1.515652105019919,41
sinr,0.2142857142857143,685.5609962995178,2.9166666666666665,688.4776629661845,0.324570446995549,0.32169688377715816,2.4487441949046476,2.463185373862792,1.0,6.958333333333333,0.08333333333333333,0.041666666666666664,0.041666666666666664,0.21020425708452992,1.515652105019919,41
load_aware,0.21329365079365079,694.5622913088932,0.0,694.5622913088932,0.3157021760503515,0.3157021760503515,2.496687505510283,2.496687505510283,1.0,7.0,0.0,0.0,0.0,0.2049951659841359,1.5378849368486995,41
flat_mlp_search,0.9950396825396824,192.3603508591134,64.16666666666667,256.5270175257801,0.8104824129466862,0.7472640221420885,-0.000289421989628758,0.33757410813932925,1.0,1.2083333333333333,1.8333333333333333,0.9166666666666666,0.9166666666666666,0.6219447384225308,-0.00028981064887422263,43
oracle,1.0,192.43471667252095,64.16666666666667,256.60138333918763,0.8104091461354473,0.7471907553308497,0.0,0.33786353012895803,1.0,1.2083333333333333,1.8333333333333333,0.9166666666666666,0.9166666666666666,0.6209398135783665,0.0,43
attn_ml_gcn_search,0.9325396825396824,192.62372960274158,64.16666666666667,256.79039626940823,0.8102229264997619,0.7470045356951642,0.0007486709488204662,0.33316271351193016,1.0,1.2083333333333333,1.8333333333333333,0.9166666666666666,0.9166666666666666,0.6240173388206058,0.0007366013688661729,43
ml_gcn_search,0.9325396825396824,192.62372960274158,64.16666666666667,256.79039626940823,0.8102229264997619,0.7470045356951642,0.0007486709488204662,0.33316271351193016,1.0,1.2083333333333333,1.8333333333333333,0.9166666666666666,0.9166666666666666,0.6240173388206058,0.0007366013688661729,43
agg_gcn_search,0.9087301587301587,192.66719750938532,64.16666666666667,256.833864176052,0.810180100975975,0.7469617101713774,0.0009269171328102687,0.3300897583330995,1.0,1.2083333333333333,1.8333333333333333,0.9166666666666666,0.9166666666666666,0.623649428492675,0.0009059999359280005,43
flat_mlp_stable_search,0.6636904761904762,205.01406579102,32.083333333333336,237.0973991243533,0.7980156987280592,0.7664065033257602,0.06755095806427928,0.2386381367193339,1.0,1.3333333333333333,0.9166666666666666,0.4583333333333333,0.4583333333333333,0.6006151110624952,-0.07600888179567239,43
attn_ml_gcn_stable_search,0.6359126984126985,205.14494321789434,32.083333333333336,237.22827655122765,0.7978867554503504,0.7662775600480516,0.06795105880956563,0.23903823746462027,1.0,1.3333333333333333,0.9166666666666666,0.4583333333333333,0.4583333333333333,0.6013147112528818,-0.07549884001346832,43
ml_gcn_stable_search,0.6359126984126985,205.14494321789434,32.083333333333336,237.22827655122765,0.7978867554503504,0.7662775600480516,0.06795105880956563,0.23903823746462027,1.0,1.3333333333333333,0.9166666666666666,0.4583333333333333,0.4583333333333333,0.6013147112528818,-0.07549884001346832,43
agg_gcn_stable_search,0.6626984126984127,205.3890712155626,32.083333333333336,237.47240454889595,0.7976462352556033,0.7660370398533045,0.069366771645275,0.2404539503003296,1.0,1.3333333333333333,0.9166666666666666,0.4583333333333333,0.4583333333333333,0.603697626218343,-0.07454744998395472,43
ml_gcn_pruned,0.6160714285714286,206.2903771332315,48.125,254.4153771332315,0.7967582491298212,0.7493444560263729,0.07175399270432789,0.328281110165321,1.0,1.375,1.375,0.7083333333333334,0.6666666666666666,0.5557896779044921,-0.008519074127774995,43
attn_ml_gcn_pruned,0.6170634920634921,206.37520916361993,48.125,254.50020916361993,0.7966746707747587,0.7492608776713104,0.07208729461078532,0.32861441207177844,1.0,1.375,1.375,0.7083333333333334,0.6666666666666666,0.5569141549000521,-0.008188475635730602,43
attn_ml_gcn_stable,0.5992063492063492,206.594632204227,40.833333333333336,247.42796553756034,0.7964584904391852,0.7562286053817139,0.07036785432447387,0.28541795049219826,1.0,1.3333333333333333,1.1666666666666667,0.5833333333333334,0.5833333333333334,0.6162105916124355,-0.03574968179147127,43
ml_gcn_stable,0.5992063492063492,206.594632204227,40.833333333333336,247.42796553756034,0.7964584904391852,0.7562286053817139,0.07036785432447387,0.28541795049219826,1.0,1.3333333333333333,1.1666666666666667,0.5833333333333334,0.5833333333333334,0.6162105916124355,-0.03574968179147127,43
agg_gcn_pruned,0.5753968253968255,207.27790299390065,48.125,255.40290299390065,0.7957853172473884,0.7483715241439403,0.0768552591699094,0.33338237663090253,1.0,1.375,1.375,0.7083333333333334,0.6666666666666666,0.5688246323168044,-0.004670591910655346,43
agg_gcn_stable,0.5575396825396826,210.00627410417783,37.916666666666664,247.92294077084452,0.7930972668924356,0.7557409450533551,0.08991012040027775,0.2875754674615882,1.0,1.375,1.0833333333333333,0.5416666666666666,0.5416666666666666,0.6031192000590294,-0.03382071622299692,43
flat_mlp_pruned,0.5753968253968255,210.07061205843263,40.833333333333336,250.90394539176597,0.7930338797453866,0.7528039946879153,0.09218993922767782,0.3060450205690463,1.0,1.4166666666666667,1.1666666666666667,0.5833333333333334,0.5833333333333334,0.544337156518862,-0.022203457648123915,43
flat_mlp_stable,0.5575396825396826,211.93180689704732,37.916666666666664,249.848473563714,0.7912001902492145,0.753843868410134,0.1007611552890297,0.2986895864461045,1.0,1.4166666666666667,1.0833333333333333,0.5416666666666666,0.5416666666666666,0.5645885104373339,-0.026316731763473447,43
attn_ml_gcn,0.47420634920634924,220.5006701983563,46.666666666666664,267.16733686502295,0.7827579603957081,0.7367809489014552,0.14830700479546607,0.39676743361749556,1.0,1.5,1.3333333333333333,0.6666666666666666,0.6666666666666666,0.5505270397209268,0.04117652597323976,43
ml_gcn,0.47420634920634924,220.5006701983563,46.666666666666664,267.16733686502295,0.7827579603957081,0.7367809489014552,0.14830700479546607,0.39676743361749556,1.0,1.5,1.3333333333333333,0.6666666666666666,0.6666666666666666,0.5505270397209268,0.04117652597323976,43
flat_mlp,0.47420634920634924,220.63834060516436,36.458333333333336,257.0966739384977,0.7826223245269316,0.7467027842970465,0.15014696424208687,0.34046543640459,1.0,1.5,1.0416666666666667,0.5,0.5416666666666666,0.5547386505360267,0.0019301945798763252,43
agg_gcn,0.4503968253968254,223.20021626462653,43.75,266.95021626462653,0.7800983090988901,0.736994860823028,0.16583201611366064,0.39623432885542154,1.0,1.5416666666666667,1.25,0.625,0.625,0.5308356976012237,0.04033038633996501,43
greedy_sleep,0.2916666666666667,225.49597741189652,84.58333333333333,310.07931074522986,0.7778364754562596,0.6945031421229263,0.185361061602168,0.6408627303957168,1.0,1.625,2.4166666666666665,1.2083333333333333,1.2083333333333333,0.48042626836240515,0.2084085701726425,43
load_sleep,0.2916666666666667,225.49597741189652,84.58333333333333,310.07931074522986,0.7778364754562596,0.6945031421229263,0.185361061602168,0.6408627303957168,1.0,1.625,2.4166666666666665,1.2083333333333333,1.2083333333333333,0.48042626836240515,0.2084085701726425,43
rsrp_sleep,0.1349206349206349,228.81034667286053,90.41666666666667,319.2270133395272,0.7745710870218123,0.6854906272516973,0.20500440807775167,0.685234229026574,1.0,1.6666666666666667,2.5833333333333335,1.2916666666666667,1.2916666666666667,0.4735070369095204,0.24405803735499787,43
sinr_sleep,0.1349206349206349,228.81034667286053,90.41666666666667,319.2270133395272,0.7745710870218123,0.6854906272516973,0.20500440807775167,0.685234229026574,1.0,1.6666666666666667,2.5833333333333335,1.2916666666666667,1.2916666666666667,0.4735070369095204,0.24405803735499787,43
rsrp,0.1706349206349206,683.2750007631462,0.0,683.2750007631462,0.326822659346654,0.326822659346654,2.6289605496184327,2.6289605496184327,1.0,7.0,0.0,0.0,0.0,0.1929929364215636,1.6627876742969914,43
sinr,0.1706349206349206,683.2750007631462,0.0,683.2750007631462,0.326822659346654,0.326822659346654,2.6289605496184327,2.6289605496184327,1.0,7.0,0.0,0.0,0.0,0.1929929364215636,1.6627876742969914,43
load_aware,0.16964285714285712,688.8695605242473,0.0,688.8695605242473,0.3213107778086234,0.3213107778086234,2.6586209491154023,2.6586209491154023,1.0,7.0,0.0,0.0,0.0,0.18617180034831535,1.6845902058667683,43
